id,idConsumidor,nombreConsumidor,direccionConsumidor,estado,idCarritoCompras,idCalificacion,idFactura,idEnvio,costo
1001,1240,Madlin,"Calle 47, Numero 657, Ciudad ABC",C,1948,1047,1646,1441,23
1002,1423,Alisa,"Calle 96, Numero 722, Ciudad DEF",P,1590,1114,1945,1853,48
1003,1635,Dody,"Calle 63, Numero 328, Ciudad GHI",A,1406,1422,1857,1689,39
1004,1579,Vikki,"Calle 23, Numero 600, Ciudad GHI",A,1563,1958,1120,1531,27
1005,1189,Flossie,"Calle 49, Numero 624, Ciudad GHI",P,1215,1488,1626,1665,54
1006,1727,Madelon,"Calle 98, Numero 151, Ciudad DEF",P,1043,1539,1515,1898,28
1007,1882,Suzette,"Calle 43, Numero 879, Ciudad ABC",P,1149,1169,1525,1129,59
1008,1108,Jorie,"Calle 96, Numero 114, Ciudad GHI",C,1315,1536,1151,1055,65
1009,1485,Grete,"Calle 84, Numero 39, Ciudad ABC",P,1861,1809,1811,1439,32
1010,1628,Denice,"Calle 71, Numero 969, Ciudad GHI",C,1386,1457,1484,1858,62
1011,1365,Kippy,"Calle 100, Numero 282, Ciudad DEF",P,1792,1408,1591,1215,43
1012,1497,Sephira,"Calle 23, Numero 530, Ciudad ABC",C,1197,1594,1698,1705,24
1013,1417,Austin,"Calle 66, Numero 306, Ciudad ABC",E,1408,1450,1307,1452,37
1014,1822,Peggy,"Calle 75, Numero 189, Ciudad DEF",P,1398,1983,1339,1694,86
1015,1774,Sophia,"Calle 34, Numero 355, Ciudad ABC",C,1198,1867,1460,1257,45
1016,1800,Cindra,"Calle 70, Numero 496, Ciudad GHI",E,1489,1737,1253,1623,41
1017,1026,Donia,"Calle 32, Numero 146, Ciudad GHI",C,1272,1275,1870,1766,44
1018,1867,Berty,"Calle 24, Numero 589, Ciudad GHI",A,1089,1499,1091,1748,99
1019,1827,Winnah,"Calle 79, Numero 180, Ciudad GHI",C,1755,1181,1335,1449,47
1020,1354,Sabina,"Calle 9, Numero 811, Ciudad DEF",C,1576,1291,1128,1298,90
1021,1679,Ardenia,"Calle 83, Numero 634, Ciudad DEF",P,1854,1904,1750,1194,100
1022,1908,Tommie,"Calle 78, Numero 949, Ciudad GHI",C,1839,1823,1315,1610,26
1023,1028,Amalie,"Calle 63, Numero 825, Ciudad ABC",A,1308,1284,1939,1523,5
1024,1814,Alena,"Calle 8, Numero 437, Ciudad GHI",C,1708,1796,1454,1535,49
1025,1703,Oona,"Calle 84, Numero 141, Ciudad DEF",P,1153,1966,1582,1777,87
1026,1047,Quintina,"Calle 32, Numero 790, Ciudad GHI",P,1909,1915,1390,1025,62
1027,1496,Mercedes,"Calle 27, Numero 245, Ciudad GHI",P,1344,1053,1129,1443,59
1028,1689,Margarethe,"Calle 91, Numero 705, Ciudad ABC",A,1706,1623,1436,1626,11
1029,1899,Anjela,"Calle 27, Numero 447, Ciudad GHI",E,1610,1678,1616,1500,25
1030,1274,Haily,"Calle 79, Numero 148, Ciudad ABC",P,1464,1166,1177,1490,79
1031,1696,Alessandra,"Calle 38, Numero 463, Ciudad ABC",P,1477,1324,1251,1826,20
1032,1584,Jena,"Calle 22, Numero 223, Ciudad DEF",C,1204,1066,1689,1125,35
1033,1488,Chloette,"Calle 80, Numero 811, Ciudad DEF",A,1132,1721,1135,1497,56
1034,1880,Annabela,"Calle 95, Numero 449, Ciudad GHI",P,1859,1432,1677,1707,33
1035,1211,Sarette,"Calle 21, Numero 237, Ciudad GHI",P,1492,1854,1906,1888,65
1036,1398,Carola,"Calle 10, Numero 283, Ciudad DEF",P,1932,1529,1734,1255,43
1037,1140,Dina,"Calle 92, Numero 597, Ciudad GHI",A,1042,1810,1001,1765,37
1038,1668,Valencia,"Calle 2, Numero 590, Ciudad GHI",C,1445,1467,1619,1728,89
1039,1678,Shandy,"Calle 68, Numero 104, Ciudad GHI",P,1626,1614,1093,1111,46
1040,1600,Devondra,"Calle 75, Numero 799, Ciudad GHI",P,1935,1580,1503,1120,80
1041,1175,Georgetta,"Calle 83, Numero 920, Ciudad DEF",C,1258,1380,1219,1432,38
1042,1324,Laurena,"Calle 85, Numero 460, Ciudad GHI",E,1904,1316,1292,1587,88
1043,1215,Dianne,"Calle 96, Numero 761, Ciudad ABC",E,1485,1016,1063,1840,38
1044,1254,Karlen,"Calle 72, Numero 358, Ciudad DEF",P,1252,1073,1012,1697,46
1045,1945,Jennilee,"Calle 45, Numero 721, Ciudad GHI",P,1865,1434,1701,1289,84
1046,1508,Gus,"Calle 15, Numero 515, Ciudad GHI",C,1239,1199,1908,1309,65
1047,1946,Concettina,"Calle 38, Numero 235, Ciudad DEF",C,1126,1320,1354,1074,39
1048,1699,Nickie,"Calle 71, Numero 510, Ciudad GHI",A,1255,1549,1146,1559,6
1049,1999,Joelynn,"Calle 10, Numero 491, Ciudad DEF",C,1060,1620,1867,1911,47
1050,1065,Raye,"Calle 82, Numero 852, Ciudad GHI",E,1745,1341,1623,1596,21
1051,1545,Inga,"Calle 62, Numero 542, Ciudad GHI",C,1947,1526,1576,1221,25
1052,1495,Amitie,"Calle 59, Numero 449, Ciudad ABC",P,1181,1770,1693,1341,73
1053,1744,Marnia,"Calle 57, Numero 45, Ciudad ABC",A,1503,1839,1014,1379,32
1054,1795,Shena,"Calle 19, Numero 246, Ciudad GHI",P,1078,1134,1963,1675,10
1055,1849,Kore,"Calle 15, Numero 170, Ciudad GHI",E,1278,1656,1566,1706,89
1056,1665,Rosalinda,"Calle 13, Numero 591, Ciudad DEF",C,1553,1790,1818,1910,81
1057,1487,Annora,"Calle 16, Numero 872, Ciudad GHI",A,1335,1537,1440,1343,80
1058,1413,Kial,"Calle 62, Numero 966, Ciudad ABC",C,1770,1579,1329,1386,16
1059,1902,Helena,"Calle 88, Numero 243, Ciudad GHI",P,1431,1640,1752,1029,27
1060,1904,Jeanelle,"Calle 29, Numero 193, Ciudad DEF",P,1373,1745,1968,1263,31
1061,1151,Sheri,"Calle 93, Numero 14, Ciudad GHI",E,1139,1568,1054,1024,38
1062,1909,Sybyl,"Calle 64, Numero 813, Ciudad ABC",C,1393,1173,1570,1794,77
1063,1310,Jessalin,"Calle 86, Numero 150, Ciudad GHI",P,1478,1340,1407,1981,69
1064,1143,Glori,"Calle 45, Numero 149, Ciudad ABC",A,1325,1674,1239,1195,31
1065,1465,Fawn,"Calle 66, Numero 863, Ciudad ABC",C,1868,1801,1808,1537,54
1066,1758,Adrian,"Calle 40, Numero 184, Ciudad DEF",C,1058,1802,1565,1952,24
1067,1146,Camel,"Calle 1, Numero 221, Ciudad GHI",A,1552,1661,1927,1995,11
1068,1843,Gael,"Calle 6, Numero 145, Ciudad DEF",A,1427,1622,1157,1161,79
1069,1555,Leeann,"Calle 59, Numero 285, Ciudad DEF",P,1564,1952,1287,1216,22
1070,1336,Dorrie,"Calle 84, Numero 119, Ciudad ABC",E,1366,1508,1603,1634,100
1071,1328,Clarette,"Calle 33, Numero 572, Ciudad ABC",E,1302,1555,1441,1252,91
1072,1195,Wendy,"Calle 77, Numero 781, Ciudad DEF",E,1232,1853,1264,1008,92
1073,1303,Morganica,"Calle 68, Numero 330, Ciudad ABC",E,1756,1562,1435,1162,80
1074,1848,Karyn,"Calle 13, Numero 608, Ciudad GHI",A,1122,1040,1893,1835,82
1075,1102,Irene,"Calle 31, Numero 441, Ciudad DEF",A,1937,1574,1594,1557,55
1076,1163,Sherye,"Calle 88, Numero 368, Ciudad DEF",E,1353,1752,1719,1331,80
1077,1521,Della,"Calle 71, Numero 428, Ciudad ABC",A,1277,1690,1691,1123,11
1078,1938,Marchelle,"Calle 36, Numero 177, Ciudad DEF",P,1833,1161,1586,1122,41
1079,1070,Belvia,"Calle 25, Numero 46, Ciudad ABC",A,1192,1650,1424,1568,89
1080,1875,Kimberli,"Calle 57, Numero 90, Ciudad ABC",C,1328,1653,1215,1878,23
1081,1614,Tabbie,"Calle 67, Numero 461, Ciudad GHI",C,1299,1479,1788,1277,93
1082,1224,Neilla,"Calle 78, Numero 911, Ciudad GHI",A,1520,1481,1167,1862,35
1083,1351,Eydie,"Calle 49, Numero 106, Ciudad ABC",A,1538,1381,1491,1371,23
1084,1503,Melicent,"Calle 29, Numero 510, Ciudad DEF",P,1411,1230,1378,1717,17
1085,1577,Dyna,"Calle 21, Numero 518, Ciudad DEF",A,1763,1406,1789,1592,48
1086,1895,Vilma,"Calle 59, Numero 662, Ciudad DEF",E,1482,1563,1158,1127,90
1087,1034,Liuka,"Calle 78, Numero 823, Ciudad DEF",A,1521,1865,1149,1517,62
1088,1648,Crissy,"Calle 1, Numero 384, Ciudad GHI",E,1220,1697,1480,1153,22
1089,1217,Linn,"Calle 39, Numero 656, Ciudad DEF",P,1313,1092,1824,1742,70
1090,1400,Jackquelin,"Calle 11, Numero 752, Ciudad DEF",C,1019,1933,1079,1006,97
1091,1698,Jeannie,"Calle 79, Numero 181, Ciudad ABC",E,1337,1065,1494,1563,82
1092,1951,Arabel,"Calle 86, Numero 918, Ciudad GHI",A,1917,1951,1909,1022,32
1093,1292,Yolanda,"Calle 61, Numero 364, Ciudad ABC",A,1348,1054,1016,1001,7
1094,1611,Ginnie,"Calle 24, Numero 147, Ciudad DEF",P,1343,1931,1531,1209,16
1095,1658,Noellyn,"Calle 12, Numero 802, Ciudad GHI",E,1986,1446,1874,1128,21
1096,1773,Amabel,"Calle 62, Numero 730, Ciudad GHI",P,1111,1435,1403,1668,100
1097,1978,Rubetta,"Calle 3, Numero 16, Ciudad ABC",C,1953,1777,1835,1854,55
1098,1729,Shelli,"Calle 98, Numero 753, Ciudad ABC",P,1838,1717,1447,1378,53
1099,1338,Tani,"Calle 40, Numero 244, Ciudad GHI",A,1467,1325,1607,1937,9
1100,1883,Lorry,"Calle 28, Numero 574, Ciudad DEF",P,1270,1779,1642,1047,14
1101,1762,Camel,"Calle 82, Numero 761, Ciudad ABC",A,1581,1954,1779,1269,72
1102,1568,Magdalena,"Calle 91, Numero 40, Ciudad ABC",C,1651,1908,1081,1157,76
1103,1285,Edna,"Calle 17, Numero 613, Ciudad ABC",E,1236,1533,1505,1169,93
1104,1294,Rebeka,"Calle 7, Numero 956, Ciudad GHI",E,1213,1894,1068,1869,54
1105,1530,Kippie,"Calle 38, Numero 316, Ciudad GHI",E,1902,1992,1010,1942,62
1106,1063,Viv,"Calle 18, Numero 146, Ciudad ABC",E,1285,1785,1920,1663,49
1107,1544,Lauralee,"Calle 78, Numero 230, Ciudad GHI",E,1717,1522,1186,1586,32
1108,1525,Mamie,"Calle 68, Numero 638, Ciudad DEF",E,1534,1279,1539,1380,20
1109,1504,Jeanne,"Calle 52, Numero 369, Ciudad DEF",P,1438,1185,1196,1374,16
1110,1040,June,"Calle 6, Numero 984, Ciudad DEF",E,1583,1460,1960,1080,74
1111,1173,Adrian,"Calle 96, Numero 679, Ciudad ABC",C,1172,1722,1231,1543,91
1112,1381,Domeniga,"Calle 65, Numero 718, Ciudad ABC",P,1788,1671,1331,1440,62
1113,1693,Cherice,"Calle 30, Numero 125, Ciudad ABC",C,1997,1386,1140,1464,90
1114,1890,Kimberlyn,"Calle 68, Numero 32, Ciudad ABC",E,1735,1246,1711,1450,69
1115,1539,Blakelee,"Calle 70, Numero 609, Ciudad DEF",E,1766,1334,1962,1895,32
1116,1652,Laurie,"Calle 27, Numero 780, Ciudad GHI",A,1327,1428,1382,1220,9
1117,1299,Benoite,"Calle 76, Numero 414, Ciudad ABC",A,1184,1658,1366,1593,57
1118,1817,Maurita,"Calle 67, Numero 357, Ciudad ABC",A,1244,1509,1519,1287,81
1119,1404,Isabel,"Calle 99, Numero 953, Ciudad ABC",E,1703,1635,1737,1276,46
1120,1702,L;urette,"Calle 12, Numero 131, Ciudad ABC",C,1120,1559,1269,1883,79
1121,1186,Violante,"Calle 99, Numero 570, Ciudad GHI",C,1152,1834,1160,1191,11
1122,1657,Hinda,"Calle 30, Numero 283, Ciudad GHI",E,1793,1896,1547,1130,38
1123,1836,Barrie,"Calle 22, Numero 640, Ciudad GHI",P,1081,1342,1349,1542,65
1124,1442,Elie,"Calle 34, Numero 177, Ciudad ABC",E,1297,1605,1521,1037,8
1125,1677,Latia,"Calle 24, Numero 170, Ciudad DEF",P,1049,1973,1777,1614,97
1126,1716,Marcellina,"Calle 7, Numero 726, Ciudad DEF",P,1914,1459,1038,1986,58
1127,1976,Jaquelyn,"Calle 73, Numero 16, Ciudad ABC",A,1983,1844,1993,1669,63
1128,1828,Deva,"Calle 93, Numero 915, Ciudad DEF",E,1123,1069,1265,1601,98
1129,1811,Emelyne,"Calle 65, Numero 950, Ciudad DEF",A,1600,1961,1134,1311,60
1130,1305,Roch,"Calle 95, Numero 371, Ciudad DEF",P,1298,1507,1384,1094,93
1131,1633,Bette,"Calle 87, Numero 573, Ciudad DEF",C,1622,1036,1346,1479,87
1132,1606,Dell,"Calle 15, Numero 973, Ciudad GHI",E,1734,1634,1343,1459,12
1133,1950,Jayne,"Calle 65, Numero 925, Ciudad ABC",C,1930,1890,1369,1478,38
1134,1242,Letitia,"Calle 74, Numero 734, Ciudad DEF",A,1648,1420,1632,1031,23
1135,1913,Corabel,"Calle 15, Numero 334, Ciudad DEF",E,1911,1609,1220,1988,14
1136,1018,Brit,"Calle 98, Numero 678, Ciudad ABC",A,1686,1225,1829,1562,3
1137,1100,Casie,"Calle 82, Numero 947, Ciudad ABC",C,1276,1560,1973,1996,59
1138,1058,Verina,"Calle 67, Numero 597, Ciudad DEF",C,1251,1120,1679,1591,80
1139,1569,Staci,"Calle 17, Numero 248, Ciudad ABC",A,1571,1550,1794,1961,75
1140,1585,Bonnibelle,"Calle 26, Numero 166, Ciudad GHI",A,1253,1272,1985,1238,36
1141,1097,Trixie,"Calle 98, Numero 60, Ciudad ABC",E,1528,1913,1465,1901,81
1142,1962,Erinna,"Calle 8, Numero 851, Ciudad ABC",A,1965,1818,1952,1950,2
1143,1483,Fiorenze,"Calle 45, Numero 179, Ciudad DEF",C,1582,1215,1705,1825,37
1144,1072,Adria,"Calle 24, Numero 980, Ciudad ABC",A,1750,1704,1319,1248,39
1145,1335,Celka,"Calle 61, Numero 718, Ciudad DEF",P,1349,1059,1554,1509,87
1146,1359,Hynda,"Calle 64, Numero 174, Ciudad ABC",C,1972,1264,1615,1370,56
1147,1258,Catlaina,"Calle 36, Numero 102, Ciudad ABC",E,1100,1019,1580,1606,42
1148,1599,Freida,"Calle 65, Numero 619, Ciudad GHI",P,1420,1719,1820,1625,31
1149,1449,Daniele,"Calle 84, Numero 828, Ciudad GHI",P,1390,1424,1787,1196,59
1150,1865,Lane,"Calle 64, Numero 582, Ciudad DEF",P,1565,1439,1989,1711,35
1151,1243,Elinore,"Calle 100, Numero 38, Ciudad DEF",P,1602,1129,1795,1241,53
1152,1196,Anabelle,"Calle 49, Numero 890, Ciudad DEF",A,1091,1577,1622,1631,42
1153,1012,Iseabal,"Calle 80, Numero 956, Ciudad GHI",C,1790,1006,1368,1315,18
1154,1831,Fredia,"Calle 43, Numero 38, Ciudad ABC",E,1127,1056,1768,1731,53
1155,1158,Virgie,"Calle 34, Numero 620, Ciudad DEF",P,1218,1821,1065,1703,95
1156,1856,Ginni,"Calle 26, Numero 378, Ciudad DEF",P,1773,1736,1798,1235,14
1157,1089,Karin,"Calle 98, Numero 121, Ciudad GHI",C,1193,1014,1463,1797,98
1158,1939,Philipa,"Calle 73, Numero 525, Ciudad ABC",C,1166,1158,1178,1251,37
1159,1458,Josselyn,"Calle 83, Numero 792, Ciudad GHI",A,1151,1273,1866,1851,57
1160,1015,Merlina,"Calle 57, Numero 735, Ciudad DEF",A,1458,1538,1136,1512,1
1161,1518,Zaneta,"Calle 51, Numero 979, Ciudad ABC",C,1879,1998,1783,1550,8
1162,1168,Briny,"Calle 49, Numero 575, Ciudad DEF",E,1715,1646,1558,1135,97
1163,1505,Ellette,"Calle 68, Numero 864, Ciudad GHI",E,1762,1378,1274,1520,70
1164,1960,Doreen,"Calle 75, Numero 851, Ciudad DEF",C,1264,1621,1892,1387,99
1165,1717,Janis,"Calle 42, Numero 943, Ciudad DEF",P,1907,1758,1771,1078,45
1166,1382,Ree,"Calle 41, Numero 963, Ciudad GHI",A,1661,1902,1396,1471,44
1167,1038,Sada,"Calle 95, Numero 86, Ciudad ABC",A,1823,1384,1421,1376,48
1168,1796,Toby,"Calle 86, Numero 746, Ciudad GHI",A,1321,1248,1113,1732,59
1169,1077,Sal,"Calle 63, Numero 901, Ciudad ABC",A,1875,1458,1694,1639,56
1170,1580,Olympia,"Calle 66, Numero 342, Ciudad DEF",P,1333,1462,1363,1616,28
1171,1932,Meaghan,"Calle 26, Numero 664, Ciudad GHI",C,1034,1010,1221,1970,25
1172,1847,Kendra,"Calle 74, Numero 682, Ciudad GHI",P,1006,1672,1662,1925,55
1173,1091,Moselle,"Calle 60, Numero 423, Ciudad GHI",C,1835,1856,1452,1973,20
1174,1528,Darlene,"Calle 8, Numero 931, Ciudad DEF",A,1942,1410,1302,1332,57
1175,1930,Kittie,"Calle 94, Numero 654, Ciudad ABC",E,1631,1300,1958,1453,4
1176,1638,Lurlene,"Calle 9, Numero 123, Ciudad ABC",A,1901,1712,1926,1003,17
1177,1429,Dasi,"Calle 84, Numero 76, Ciudad DEF",P,1992,1396,1778,1935,71
1178,1510,Ermengarde,"Calle 25, Numero 602, Ciudad GHI",A,1665,1077,1195,1552,31
1179,1248,Emelda,"Calle 28, Numero 593, Ciudad DEF",E,1324,1763,1981,1389,46
1180,1553,Bonny,"Calle 60, Numero 469, Ciudad ABC",P,1449,1985,1069,1776,75
1181,1588,Dyanna,"Calle 39, Numero 609, Ciudad DEF",C,1579,1449,1479,1751,45
1182,1455,Caroline,"Calle 10, Numero 876, Ciudad DEF",E,1515,1159,1085,1870,91
1183,1308,Mariette,"Calle 94, Numero 950, Ciudad GHI",A,1222,1873,1107,1057,75
1184,1228,Randy,"Calle 58, Numero 963, Ciudad GHI",P,1892,1872,1254,1734,82
1185,1120,Vere,"Calle 67, Numero 275, Ciudad GHI",C,1694,1096,1023,1227,45
1186,1736,Zarla,"Calle 20, Numero 806, Ciudad GHI",C,1785,1968,1337,1051,38
1187,1556,Adora,"Calle 61, Numero 724, Ciudad GHI",P,1737,1287,1111,1274,58
1188,1116,Evelyn,"Calle 26, Numero 68, Ciudad GHI",A,1101,1433,1499,1245,20
1189,1695,Annabelle,"Calle 19, Numero 151, Ciudad ABC",C,1154,1121,1684,1360,17
1190,1148,Josi,"Calle 29, Numero 154, Ciudad GHI",A,1758,1293,1469,1693,4
1191,1529,Deny,"Calle 59, Numero 384, Ciudad DEF",A,1752,1060,1243,1043,10
1192,1681,Veronica,"Calle 71, Numero 115, Ciudad GHI",P,1053,1617,1902,1679,43
1193,1022,Sabrina,"Calle 30, Numero 998, Ciudad DEF",C,1303,1676,1051,1429,17
1194,1661,Alikee,"Calle 7, Numero 767, Ciudad ABC",C,1004,1932,1422,1749,35
1195,1491,Beverlee,"Calle 65, Numero 394, Ciudad DEF",A,1051,1833,1661,1469,82
1196,1535,Annabell,"Calle 56, Numero 745, Ciudad ABC",P,1200,1301,1710,1660,64
1197,1244,Rozele,"Calle 25, Numero 933, Ciudad GHI",A,1853,1937,1163,1807,90
1198,1104,Constancia,"Calle 94, Numero 27, Ciudad ABC",C,1434,1706,1457,1426,31
1199,1888,Queenie,"Calle 80, Numero 277, Ciudad ABC",A,1310,1464,1379,1059,56
1200,1280,Katherina,"Calle 82, Numero 895, Ciudad ABC",A,1659,1637,1899,1967,5
1201,1810,Dredi,"Calle 92, Numero 206, Ciudad ABC",P,1057,1222,1036,1757,52
1202,1630,Sashenka,"Calle 58, Numero 532, Ciudad GHI",E,1656,1251,1674,1719,37
1203,1615,Merle,"Calle 47, Numero 291, Ciudad ABC",P,1863,1755,1727,1632,81
1204,1191,Brigit,"Calle 61, Numero 67, Ciudad ABC",A,1629,1962,1527,1763,81
1205,1170,Cherye,"Calle 27, Numero 735, Ciudad ABC",E,1211,1955,1744,1163,52
1206,1419,Emlynn,"Calle 8, Numero 542, Ciudad ABC",C,1493,1443,1182,1891,42
1207,1643,Nancee,"Calle 25, Numero 860, Ciudad ABC",E,1429,1735,1827,1843,85
1208,1225,Georgianne,"Calle 61, Numero 428, Ciudad ABC",C,1143,1094,1743,1823,39
1209,1647,Aaren,"Calle 58, Numero 809, Ciudad GHI",A,1189,1578,1208,1290,89
1210,1607,Naoma,"Calle 57, Numero 719, Ciudad ABC",P,1135,1552,1559,1498,22
1211,1666,Willyt,"Calle 1, Numero 352, Ciudad DEF",C,1256,1666,1848,1976,4
1212,1164,Judith,"Calle 17, Numero 389, Ciudad DEF",E,1376,1498,1449,1461,2
1213,1275,Ann,"Calle 15, Numero 707, Ciudad ABC",C,1372,1155,1168,1358,82
1214,1973,Kalina,"Calle 78, Numero 905, Ciudad GHI",C,1885,1463,1248,1096,57
1215,1687,Heidie,"Calle 22, Numero 437, Ciudad ABC",C,1048,1625,1041,1971,93
1216,1591,Saba,"Calle 70, Numero 132, Ciudad ABC",A,1753,1598,1495,1553,50
1217,1919,Nariko,"Calle 30, Numero 762, Ciudad ABC",P,1401,1876,1786,1636,52
1218,1958,Bess,"Calle 86, Numero 832, Ciudad ABC",P,1993,1786,1021,1375,93
1219,1206,Marti,"Calle 72, Numero 47, Ciudad DEF",A,1607,1527,1242,1404,90
1220,1692,Callie,"Calle 92, Numero 627, Ciudad GHI",A,1807,1629,1687,1193,21
1221,1084,Brenda,"Calle 64, Numero 465, Ciudad DEF",E,1409,1117,1183,1674,18
1222,1132,Gwendolyn,"Calle 75, Numero 506, Ciudad ABC",E,1084,1981,1226,1319,77
1223,1560,Veriee,"Calle 90, Numero 40, Ciudad GHI",C,1831,1461,1348,1621,88
1224,1051,Jaime,"Calle 92, Numero 58, Ciudad GHI",P,1891,1367,1803,1905,27
1225,1940,Adda,"Calle 72, Numero 192, Ciudad DEF",C,1460,1249,1697,1710,85
1226,1582,Lorrie,"Calle 78, Numero 103, Ciudad GHI",E,1235,1355,1187,1208,74
1227,1954,Verene,"Calle 66, Numero 900, Ciudad ABC",P,1845,1975,1078,1682,26
1228,1622,Krista,"Calle 31, Numero 588, Ciudad GHI",E,1150,1392,1397,1202,96
1229,1586,Mickie,"Calle 23, Numero 109, Ciudad GHI",A,1267,1897,1584,1605,12
1230,1139,Desirae,"Calle 13, Numero 162, Ciudad GHI",A,1475,1336,1700,1899,15
1231,1199,Connie,"Calle 69, Numero 660, Ciudad ABC",A,1604,1427,1843,1373,28
1232,1454,Kellia,"Calle 2, Numero 435, Ciudad DEF",E,1007,1774,1940,1565,6
1233,1526,Sydel,"Calle 54, Numero 485, Ciudad DEF",A,1281,1606,1634,1017,30
1234,1889,Shawn,"Calle 40, Numero 548, Ciudad DEF",E,1921,1168,1772,1438,25
1235,1256,Pooh,"Calle 74, Numero 255, Ciudad ABC",A,1796,1811,1670,1318,19
1236,1922,Joane,"Calle 14, Numero 569, Ciudad DEF",E,1544,1317,1477,1532,81
1237,1732,Trudie,"Calle 15, Numero 467, Ciudad ABC",A,1262,1100,1373,1917,79
1238,1797,Saloma,"Calle 3, Numero 347, Ciudad DEF",A,1071,1473,1851,1544,78
1239,1447,Sindee,"Calle 28, Numero 879, Ciudad DEF",P,1011,1162,1887,1890,43
1240,1079,Chantal,"Calle 86, Numero 470, Ciudad GHI",C,1751,1176,1179,1504,7
1241,1646,Kalina,"Calle 19, Numero 976, Ciudad GHI",C,1083,1923,1855,1014,16
1242,1664,Katey,"Calle 16, Numero 869, Ciudad DEF",C,1066,1877,1338,1887,96
1243,1912,Marja,"Calle 18, Numero 478, Ciudad DEF",C,1513,1414,1138,1831,2
1244,1416,Guinevere,"Calle 4, Numero 266, Ciudad ABC",C,1469,1395,1142,1231,80
1245,1713,Nadine,"Calle 4, Numero 341, Ciudad DEF",A,1425,1076,1047,1695,95
1246,1155,Eleanore,"Calle 29, Numero 670, Ciudad ABC",P,1511,1987,1550,1932,10
1247,1451,Sibel,"Calle 34, Numero 128, Ciudad GHI",E,1824,1426,1431,1906,7
1248,1820,Cleo,"Calle 41, Numero 207, Ciudad DEF",E,1350,1988,1977,1410,32
1249,1386,Anastasia,"Calle 88, Numero 73, Ciudad DEF",A,1704,1680,1746,1691,71
1250,1763,Adey,"Calle 44, Numero 396, Ciudad ABC",P,1161,1648,1678,1253,11
1251,1494,Elise,"Calle 61, Numero 269, Ciudad ABC",C,1713,1715,1297,1810,5
1252,1540,Conchita,"Calle 53, Numero 956, Ciudad GHI",A,1017,1761,1862,1437,95
1253,1720,Joanie,"Calle 21, Numero 752, Ciudad DEF",C,1452,1052,1461,1136,62
1254,1523,Jackelyn,"Calle 56, Numero 799, Ciudad ABC",P,1784,1442,1229,1225,95
1255,1969,Antonie,"Calle 43, Numero 803, Ciudad DEF",P,1922,1504,1751,1167,84
1256,1222,Genni,"Calle 82, Numero 442, Ciudad DEF",A,1981,1029,1682,1650,60
1257,1726,Erda,"Calle 19, Numero 6, Ciudad DEF",A,1912,1548,1381,1589,6
1258,1722,Pam,"Calle 18, Numero 447, Ciudad DEF",C,1245,1783,1189,1212,39
1259,1162,Carine,"Calle 83, Numero 404, Ciudad DEF",A,1611,1349,1659,1448,48
1260,1422,Vin,"Calle 99, Numero 613, Ciudad GHI",C,1946,1900,1393,1434,37
1261,1020,Katrine,"Calle 27, Numero 147, Ciudad DEF",E,1787,1363,1433,1612,36
1262,1769,Allison,"Calle 87, Numero 798, Ciudad GHI",E,1780,1831,1675,1762,2
1263,1112,Bobina,"Calle 93, Numero 377, Ciudad GHI",C,1673,1815,1672,1140,9
1264,1471,Sarine,"Calle 98, Numero 861, Ciudad GHI",A,2000,1139,1037,1119,6
1265,1549,Allyson,"Calle 47, Numero 979, Ciudad ABC",A,1074,1615,1742,1654,18
1266,1137,Livvyy,"Calle 86, Numero 508, Ciudad GHI",P,1721,1491,1075,1648,79
1267,1655,Jorey,"Calle 27, Numero 920, Ciudad GHI",E,1196,1914,1688,1495,65
1268,1671,Lorelei,"Calle 59, Numero 550, Ciudad GHI",E,1916,1429,1983,1079,15
1269,1343,Lynea,"Calle 46, Numero 809, Ciudad ABC",A,1597,1631,1780,1324,27
1270,1629,Jordana,"Calle 27, Numero 919, Ciudad GHI",C,1781,1667,1534,1306,1
1271,1408,Kikelia,"Calle 42, Numero 338, Ciudad GHI",C,1156,1376,1486,1476,78
1272,1046,Lee,"Calle 38, Numero 222, Ciudad GHI",A,1050,1875,1882,1852,16
1273,1829,Clari,"Calle 18, Numero 73, Ciudad ABC",C,1117,1993,1156,1292,28
1274,1917,Janette,"Calle 21, Numero 351, Ciudad ABC",P,1548,1978,1631,1676,100
1275,1561,Jacquelynn,"Calle 61, Numero 706, Ciudad ABC",P,1224,1148,1853,1352,68
1276,1352,Annadiane,"Calle 85, Numero 721, Ciudad ABC",E,1010,1247,1040,1355,87
1277,1177,Shirley,"Calle 8, Numero 713, Ciudad DEF",A,1919,1608,1383,1985,14
1278,1802,Jemmie,"Calle 59, Numero 355, Ciudad ABC",E,1237,1441,1481,1700,73
1279,1388,Ami,"Calle 55, Numero 530, Ciudad GHI",C,1468,1946,1806,1113,88
1280,1768,Jorry,"Calle 21, Numero 588, Ciudad ABC",E,1470,1165,1071,1594,20
1281,1181,Karel,"Calle 85, Numero 524, Ciudad ABC",E,1524,1521,1555,1045,91
1282,1753,Vilhelmina,"Calle 54, Numero 992, Ciudad DEF",E,1035,1250,1347,1385,6
1283,1949,Charlotta,"Calle 86, Numero 754, Ciudad ABC",C,1628,1556,1718,1833,13
1284,1750,Brita,"Calle 9, Numero 7, Ciudad DEF",A,1399,1299,1185,1630,82
1285,1473,Michaella,"Calle 61, Numero 38, Ciudad GHI",E,1621,1357,1875,1926,88
1286,1775,Blinni,"Calle 50, Numero 730, Ciudad GHI",A,1519,1681,1717,1583,70
1287,1929,Barby,"Calle 89, Numero 189, Ciudad ABC",E,1483,1747,1166,1368,26
1288,1289,Giovanna,"Calle 91, Numero 66, Ciudad GHI",E,1405,1613,1732,1590,47
1289,1645,Coraline,"Calle 11, Numero 926, Ciudad ABC",P,1041,1651,1725,1959,64
1290,1237,Brynne,"Calle 81, Numero 794, Ciudad DEF",P,1506,1259,1849,1069,66
1291,1401,Herta,"Calle 20, Numero 695, Ciudad DEF",E,1128,1874,1391,1114,64
1292,1780,Yettie,"Calle 15, Numero 160, Ciudad DEF",P,1323,1748,1280,1773,79
1293,1578,Julee,"Calle 37, Numero 732, Ciudad GHI",A,1378,1179,1344,1466,98
1294,1830,Tierney,"Calle 61, Numero 472, Ciudad ABC",C,1843,1740,1172,1183,53
1295,1833,Emmalyn,"Calle 60, Numero 817, Ciudad GHI",C,1265,1137,1890,1572,2
1296,1052,Melamie,"Calle 16, Numero 811, Ciudad ABC",A,1989,1051,1551,1484,25
1297,1230,Trixy,"Calle 6, Numero 95, Ciudad DEF",E,1771,1670,1748,1137,95
1298,1197,Denise,"Calle 70, Numero 350, Ciudad ABC",C,1556,1707,1671,1412,53
1299,1440,Noelle,"Calle 26, Numero 289, Ciudad GHI",P,1527,1825,1560,1224,17
1300,1064,Catlee,"Calle 23, Numero 645, Ciudad GHI",A,1079,1500,1276,1392,81
1301,1563,Henka,"Calle 9, Numero 761, Ciudad DEF",C,1022,1607,2000,1540,32
1302,1894,Kelsey,"Calle 28, Numero 105, Ciudad DEF",P,1533,1472,1708,1645,41
1303,1187,Mahala,"Calle 92, Numero 228, Ciudad DEF",P,1109,1524,1218,1326,77
1304,1740,Gerrilee,"Calle 43, Numero 758, Ciudad DEF",P,1670,1270,1649,1680,44
1305,1111,Trista,"Calle 60, Numero 397, Ciudad GHI",E,1567,1941,1112,1409,38
1306,1885,Cilka,"Calle 99, Numero 325, Ciudad DEF",P,1228,1303,1805,1065,53
1307,1910,Chrysa,"Calle 59, Numero 511, Ciudad ABC",P,1331,1693,1770,1482,38
1308,1373,Natassia,"Calle 38, Numero 39, Ciudad GHI",A,1432,1972,1609,1856,79
1309,1864,Netty,"Calle 21, Numero 698, Ciudad GHI",A,1379,1025,1724,1836,71
1310,1176,Leah,"Calle 11, Numero 577, Ciudad ABC",P,1680,1018,1974,1091,75
1311,1076,Kalindi,"Calle 65, Numero 769, Ciudad DEF",C,1988,1483,1850,1170,16
1312,1470,Katrine,"Calle 76, Numero 422, Ciudad ABC",P,1639,1571,1323,1273,72
1313,1472,Ertha,"Calle 23, Numero 72, Ciudad DEF",P,1805,1286,1430,1608,64
1314,1462,Susy,"Calle 12, Numero 599, Ciudad DEF",P,1147,1862,1982,1403,42
1315,1178,Dayle,"Calle 24, Numero 877, Ciudad ABC",P,1175,1377,1345,1667,93
1316,1368,Morena,"Calle 25, Numero 291, Ciudad ABC",E,1884,1851,1316,1250,17
1317,1927,Georgeta,"Calle 50, Numero 348, Ciudad DEF",P,1653,1132,1445,1496,67
1318,1627,Ibbie,"Calle 91, Numero 407, Ciudad DEF",E,1827,1817,1598,1087,90
1319,1023,Atalanta,"Calle 46, Numero 782, Ciudad GHI",A,1168,1023,1109,1060,100
1320,1426,Hesther,"Calle 52, Numero 788, Ciudad GHI",E,1496,1097,1845,1729,3
1321,1468,Holly-anne,"Calle 44, Numero 402, Ciudad DEF",C,1357,1540,1814,1110,52
1322,1851,Julina,"Calle 95, Numero 455, Ciudad GHI",P,1888,1108,1325,1249,65
1323,1029,Eran,"Calle 91, Numero 166, Ciudad ABC",C,1933,1404,1234,1647,10
1324,1748,Annabelle,"Calle 10, Numero 939, Ciudad ABC",C,1871,1123,1730,1077,98
1325,1241,Sharline,"Calle 86, Numero 708, Ciudad ABC",E,1718,1694,1907,1928,17
1326,1129,Gretchen,"Calle 50, Numero 81, Ciudad GHI",E,1711,1021,1419,1834,18
1327,1662,Jade,"Calle 63, Numero 855, Ciudad DEF",E,1860,1402,1889,1349,64
1328,1141,Engracia,"Calle 21, Numero 224, Ciudad GHI",E,1422,1175,1799,1620,81
1329,1593,Franciska,"Calle 9, Numero 674, Ciudad ABC",E,1246,1206,1581,1272,80
1330,1006,Natalie,"Calle 47, Numero 25, Ciudad GHI",A,1274,1292,1181,1030,32
1331,1983,Selene,"Calle 27, Numero 935, Ciudad ABC",A,1030,1210,1621,1085,96
1332,1024,Lynde,"Calle 89, Numero 158, Ciudad ABC",A,1518,1792,1318,1416,46
1333,1845,Melodee,"Calle 74, Numero 466, Ciudad GHI",E,1662,1969,1723,1503,18
1334,1090,Thea,"Calle 25, Numero 619, Ciudad ABC",P,1080,1172,1077,1445,78
1335,1859,Jorry,"Calle 61, Numero 799, Ciudad GHI",P,1783,1244,1776,1698,6
1336,1651,Casandra,"Calle 27, Numero 973, Ciudad DEF",E,1991,1713,1470,1924,64
1337,1784,Carlen,"Calle 43, Numero 872, Ciudad DEF",P,1173,1531,1524,1518,83
1338,1731,Conny,"Calle 69, Numero 766, Ciudad DEF",C,1596,1599,1606,1642,90
1339,1509,Cristabel,"Calle 73, Numero 417, Ciudad DEF",P,1238,1150,1395,1737,97
1340,1118,Carlie,"Calle 46, Numero 774, Ciudad GHI",E,1624,1738,1147,1755,62
1341,1905,Daron,"Calle 40, Numero 574, Ciudad DEF",A,1068,1423,1110,1317,15
1342,1603,Mae,"Calle 94, Numero 203, Ciudad ABC",E,1869,1331,1103,1428,86
1343,1379,Davina,"Calle 6, Numero 295, Ciudad GHI",E,1063,1156,1246,1458,28
1344,1941,Britte,"Calle 4, Numero 738, Ciudad DEF",P,1696,1564,1860,1281,38
1345,1059,Noreen,"Calle 91, Numero 975, Ciudad DEF",P,1085,1200,1118,1850,21
1346,1998,Elsy,"Calle 84, Numero 383, Ciudad GHI",E,1036,1647,1997,1291,70
1347,1876,Bibbie,"Calle 30, Numero 863, Ciudad GHI",E,1076,1254,1834,1683,36
1348,1562,Damara,"Calle 86, Numero 52, Ciudad ABC",A,1974,1034,1728,1176,6
1349,1957,Alethea,"Calle 81, Numero 846, Ciudad DEF",A,1002,1696,1501,1206,68
1350,1459,Jewell,"Calle 73, Numero 661, Ciudad ABC",A,1216,1832,1467,1321,92
1351,1284,Ulrikaumeko,"Calle 44, Numero 373, Ciudad ABC",P,1383,1013,1377,1994,42
1352,1302,Flora,"Calle 30, Numero 119, Ciudad ABC",P,1174,1864,1556,1316,2
1353,1623,Emilia,"Calle 100, Numero 9, Ciudad GHI",C,1369,1600,1630,1041,29
1354,1804,Olwen,"Calle 49, Numero 711, Ciudad DEF",A,1977,1726,1005,1819,27
1355,1640,Sibby,"Calle 89, Numero 15, Ciudad DEF",C,1614,1800,1766,1640,14
1356,1435,Marney,"Calle 74, Numero 137, Ciudad GHI",A,1178,1081,1749,1405,4
1357,1136,Dulcy,"Calle 51, Numero 45, Ciudad ABC",C,1203,1595,1277,1214,21
1358,1027,Bonnee,"Calle 60, Numero 690, Ciudad ABC",A,1377,1482,1526,1580,80
1359,1347,Rheta,"Calle 93, Numero 217, Ciudad DEF",E,1404,1241,1755,1613,45
1360,1375,Katheryn,"Calle 35, Numero 168, Ciudad ABC",C,1586,1685,1224,2000,51
1361,1279,Noel,"Calle 33, Numero 260, Ciudad GHI",A,1636,1252,1223,1036,97
1362,1086,Robbie,"Calle 24, Numero 629, Ciudad DEF",E,1370,1654,1706,1867,76
1363,1147,Kristyn,"Calle 14, Numero 220, Ciudad ABC",E,1374,1611,1931,1892,76
1364,1619,Clemence,"Calle 84, Numero 201, Ciudad DEF",P,1842,1725,1170,1131,85
1365,1873,Etti,"Calle 16, Numero 596, Ciudad ABC",C,1509,1419,1648,1972,23
1366,1948,Roda,"Calle 15, Numero 968, Ciudad GHI",A,1684,1778,1512,1534,78
1367,1214,Caro,"Calle 26, Numero 319, Ciudad DEF",P,1231,1845,1880,1760,95
1368,1066,Shellie,"Calle 48, Numero 523, Ciudad DEF",C,1960,1171,1296,1283,79
1369,1669,Crin,"Calle 75, Numero 939, Ciudad ABC",C,1450,1070,1352,1966,5
1370,1680,Perl,"Calle 69, Numero 999, Ciudad ABC",C,1207,1791,1859,1506,68
1371,1884,Tybi,"Calle 42, Numero 855, Ciudad ABC",C,1227,1909,1546,1818,76
1372,1233,Cookie,"Calle 4, Numero 160, Ciudad DEF",P,1955,1383,1891,1219,74
1373,1834,Kimberlee,"Calle 34, Numero 597, Ciudad ABC",E,1130,1766,1317,1417,97
1374,1252,Sharon,"Calle 52, Numero 338, Ciudad ABC",P,1284,1190,1456,1980,44
1375,1590,Danice,"Calle 39, Numero 393, Ciudad DEF",A,1724,1074,1263,1733,80
1376,1314,Rosabella,"Calle 39, Numero 711, Ciudad ABC",A,1984,1418,1451,1579,53
1377,1741,Dorelle,"Calle 77, Numero 446, Ciudad ABC",E,1448,1454,1726,1054,97
1378,1344,Sorcha,"Calle 16, Numero 270, Ciudad GHI",P,1110,1233,1483,1339,13
1379,1697,Clare,"Calle 15, Numero 802, Ciudad GHI",A,1029,1417,1784,1954,62
1380,1805,Storm,"Calle 39, Numero 893, Ciudad DEF",P,1177,1835,1448,1599,22
1381,1672,Ardisj,"Calle 30, Numero 993, Ciudad ABC",E,1857,1305,1712,1508,22
1382,1327,Amandie,"Calle 50, Numero 668, Ciudad GHI",E,1822,1035,1414,1798,89
1383,1988,Tiphany,"Calle 24, Numero 200, Ciudad GHI",P,1609,1880,1528,1155,50
1384,1346,Sibby,"Calle 94, Numero 199, Ciudad DEF",E,1668,1632,1854,1141,15
1385,1450,Rebecca,"Calle 2, Numero 766, Ciudad DEF",P,1547,1333,1696,1767,19
1386,1306,Magda,"Calle 28, Numero 608, Ciudad ABC",A,1707,1747,1840,1354,22
1387,1915,Gena,"Calle 49, Numero 659, Ciudad GHI",C,1815,1483,1479,1424,73
1388,1388,Ami,"Calle 36, Numero 217, Ciudad GHI",E,1699,1277,1458,1686,31
1389,1842,Courtnay,"Calle 13, Numero 777, Ciudad ABC",C,1666,1242,1851,1256,82
1390,1279,Noel,"Calle 56, Numero 452, Ciudad GHI",E,1967,1624,1312,1184,69
1391,1967,Estrellita,"Calle 12, Numero 910, Ciudad DEF",E,1514,1908,1822,1005,2
1392,1430,Annabell,"Calle 92, Numero 816, Ciudad ABC",A,1803,1508,1202,1699,76
1393,1590,Danice,"Calle 78, Numero 436, Ciudad ABC",P,1851,1708,1415,1046,20
1394,1756,Janie,"Calle 97, Numero 775, Ciudad DEF",C,1020,1777,1029,1740,100
1395,1014,Meggie,"Calle 37, Numero 412, Ciudad GHI",E,1669,1781,1243,1158,13
1396,1172,Sarena,"Calle 74, Numero 863, Ciudad DEF",A,1497,1244,1026,1998,37
1397,1506,Fanni,"Calle 38, Numero 963, Ciudad DEF",A,1951,1684,1829,1258,24
1398,1468,Holly-anne,"Calle 92, Numero 504, Ciudad ABC",C,1273,1086,1809,1974,68
1399,1208,Gilda,"Calle 30, Numero 957, Ciudad ABC",C,1783,1078,1186,1295,92
1400,1922,Joane,"Calle 52, Numero 822, Ciudad DEF",C,1242,1977,1869,1201,80
1401,1116,Evelyn,"Calle 48, Numero 184, Ciudad GHI",E,1851,1900,1405,1525,86
1402,1101,Laryssa,"Calle 10, Numero 30, Ciudad GHI",P,1012,1724,1049,1943,80
1403,1285,Edna,"Calle 80, Numero 814, Ciudad DEF",A,1499,1710,1861,1121,14
1404,1609,Cami,"Calle 15, Numero 573, Ciudad ABC",E,1899,1559,1938,1896,41
1405,1528,Darlene,"Calle 58, Numero 925, Ciudad DEF",E,1100,1241,1447,1152,25
1406,1539,Blakelee,"Calle 57, Numero 995, Ciudad ABC",A,1464,1305,1806,1266,45
1407,1954,Verene,"Calle 23, Numero 230, Ciudad ABC",E,1199,1172,1347,1361,17
1408,1336,Dorrie,"Calle 2, Numero 809, Ciudad DEF",E,1635,1230,1859,1315,48
1409,1300,Janey,"Calle 88, Numero 143, Ciudad DEF",P,1068,1452,1671,1748,75
1410,1075,Rosabelle,"Calle 46, Numero 831, Ciudad DEF",P,1123,1637,1939,1434,85
1411,1803,Arabelle,"Calle 25, Numero 627, Ciudad DEF",P,1166,1294,1619,1313,74
1412,1652,Laurie,"Calle 96, Numero 127, Ciudad GHI",A,1412,1047,1063,1503,1
1413,1982,Eolanda,"Calle 61, Numero 571, Ciudad DEF",A,1173,1114,1095,1257,91
1414,1258,Catlaina,"Calle 86, Numero 380, Ciudad GHI",A,1633,1120,1541,1851,11
1415,1769,Allison,"Calle 27, Numero 207, Ciudad DEF",P,1269,1579,1102,1731,31
1416,1303,Morganica,"Calle 68, Numero 504, Ciudad GHI",C,1435,1870,1978,1944,34
1417,1186,Violante,"Calle 30, Numero 992, Ciudad GHI",P,1623,1573,1636,1611,95
1418,1772,Filippa,"Calle 51, Numero 456, Ciudad DEF",C,1206,1164,1188,1089,94
1419,1754,Noelyn,"Calle 37, Numero 855, Ciudad GHI",P,1512,1469,1910,1405,1
1420,1318,Chelsie,"Calle 42, Numero 939, Ciudad GHI",P,1866,1216,1665,1840,35
1421,1224,Neilla,"Calle 14, Numero 126, Ciudad ABC",C,1808,1961,1837,1381,75
1422,1778,Gabbey,"Calle 48, Numero 703, Ciudad DEF",P,1450,1341,1512,1595,59
1423,1460,Drucy,"Calle 93, Numero 688, Ciudad ABC",P,1542,1625,1949,1086,75
1424,1423,Alisa,"Calle 25, Numero 315, Ciudad GHI",P,1014,1801,1718,1420,15
1425,1800,Cindra,"Calle 84, Numero 408, Ciudad DEF",P,1121,1343,1582,1933,22
1426,1814,Alena,"Calle 33, Numero 517, Ciudad DEF",P,1842,1803,1873,1592,97
1427,1913,Corabel,"Calle 38, Numero 216, Ciudad GHI",E,1909,1751,1076,1889,4
1428,1001,Hendrika,"Calle 24, Numero 418, Ciudad ABC",C,1640,1124,1666,1740,82
1429,1545,Inga,"Calle 81, Numero 890, Ciudad ABC",A,1766,1186,1221,1683,71
1430,1114,Nannie,"Calle 20, Numero 55, Ciudad GHI",A,1898,1273,1602,1474,95
1431,1348,Christan,"Calle 41, Numero 379, Ciudad DEF",A,1561,1576,1521,1726,22
1432,1567,Jodie,"Calle 43, Numero 594, Ciudad ABC",P,1777,1317,1849,1690,15
1433,1253,Danice,"Calle 92, Numero 475, Ciudad DEF",A,1830,1714,1079,1146,36
1434,1661,Alikee,"Calle 72, Numero 434, Ciudad GHI",P,1639,1363,1150,1883,68
1435,1091,Moselle,"Calle 92, Numero 457, Ciudad DEF",P,1679,1421,1216,1920,47
1436,1187,Mahala,"Calle 47, Numero 414, Ciudad DEF",A,1981,1034,1200,1718,45
1437,1060,Lanette,"Calle 28, Numero 820, Ciudad DEF",C,1419,1503,1958,1585,56
1438,1930,Kittie,"Calle 37, Numero 287, Ciudad DEF",P,1939,1063,1141,1854,91
1439,1131,Jazmin,"Calle 64, Numero 163, Ciudad DEF",P,1301,1651,1650,1208,90
1440,1716,Marcellina,"Calle 65, Numero 440, Ciudad GHI",E,1246,1653,1604,1564,8
1441,1327,Amandie,"Calle 65, Numero 715, Ciudad GHI",A,1015,1619,1004,1597,33
1442,1350,Amara,"Calle 89, Numero 813, Ciudad ABC",P,1875,1444,1431,1856,27
1443,1691,Riki,"Calle 10, Numero 725, Ciudad ABC",A,1532,1617,1502,1553,23
1444,1497,Sephira,"Calle 78, Numero 572, Ciudad GHI",C,1554,1864,1547,1394,5
1445,1686,Ardelle,"Calle 91, Numero 765, Ciudad DEF",P,1522,1912,1442,1183,11
1446,1209,Barbie,"Calle 42, Numero 537, Ciudad ABC",E,1695,1632,1574,1784,85
1447,1340,Karry,"Calle 43, Numero 811, Ciudad ABC",C,1944,1407,1739,1570,92
1448,1825,Vivianna,"Calle 9, Numero 706, Ciudad DEF",C,1581,1200,1914,1728,41
1449,1751,Ronnie,"Calle 9, Numero 827, Ciudad ABC",A,1023,1125,1800,1491,54
1450,1271,Tera,"Calle 43, Numero 858, Ciudad ABC",P,1891,1052,1676,1847,4
1451,1156,Millicent,"Calle 80, Numero 619, Ciudad GHI",C,1977,1470,1551,1184,61
1452,1410,Philly,"Calle 43, Numero 998, Ciudad ABC",P,1072,1003,1568,1484,48
1453,1292,Yolanda,"Calle 55, Numero 683, Ciudad DEF",P,1225,1461,1428,1116,24
1454,1252,Sharon,"Calle 47, Numero 646, Ciudad GHI",A,1704,1782,1934,1346,75
1455,1127,Pierrette,"Calle 1, Numero 628, Ciudad ABC",C,1035,1795,1785,1055,91
1456,1625,Leena,"Calle 7, Numero 20, Ciudad DEF",E,1566,1752,1394,1902,2
1457,1551,Jami,"Calle 78, Numero 946, Ciudad DEF",A,1281,1220,1222,1511,13
1458,1524,Allyce,"Calle 60, Numero 707, Ciudad DEF",E,1996,1700,1239,1044,99
1459,1546,Arabele,"Calle 68, Numero 934, Ciudad ABC",P,1030,1077,1380,1659,31
1460,1405,Genevieve,"Calle 70, Numero 618, Ciudad ABC",A,1304,1833,1082,1879,19
1461,1613,Lilia,"Calle 33, Numero 101, Ciudad DEF",A,1263,1728,1503,1134,99
1462,1165,Lianna,"Calle 61, Numero 107, Ciudad ABC",C,1189,1251,1659,1834,97
1463,1580,Olympia,"Calle 38, Numero 789, Ciudad ABC",A,1757,1846,1490,1305,24
1464,1441,Jori,"Calle 99, Numero 332, Ciudad GHI",E,1750,1271,1419,1035,38
1465,1775,Blinni,"Calle 51, Numero 624, Ciudad GHI",E,1903,1475,1242,1091,15
1466,1893,Beverlie,"Calle 31, Numero 340, Ciudad ABC",A,1375,1810,1040,1359,6
1467,1154,Darleen,"Calle 60, Numero 33, Ciudad GHI",E,1510,1450,1457,1071,18
1468,1764,Maureen,"Calle 99, Numero 700, Ciudad ABC",P,1915,1938,1594,1287,37
1469,1482,Idalia,"Calle 98, Numero 367, Ciudad DEF",A,1197,1258,1812,1199,84
1470,1136,Dulcy,"Calle 90, Numero 401, Ciudad GHI",A,1025,1478,1206,1213,23
1471,1943,Sadella,"Calle 37, Numero 854, Ciudad GHI",P,1272,1095,1557,1357,65
1472,1780,Yettie,"Calle 76, Numero 981, Ciudad ABC",E,1292,1861,1068,1891,59
1473,1242,Letitia,"Calle 85, Numero 829, Ciudad ABC",E,1634,1115,1197,1810,28
1474,1940,Adda,"Calle 79, Numero 118, Ciudad GHI",A,1814,1552,1038,1108,3
1475,1936,Adrea,"Calle 51, Numero 909, Ciudad ABC",A,1285,1228,1320,1166,8
1476,1260,Tobi,"Calle 66, Numero 228, Ciudad ABC",E,1721,1067,1840,1411,81
1477,1362,Alia,"Calle 5, Numero 313, Ciudad DEF",E,1980,1210,1035,1275,93
1478,1941,Britte,"Calle 96, Numero 989, Ciudad DEF",C,1324,1985,1647,1441,71
1479,1731,Conny,"Calle 20, Numero 479, Ciudad ABC",P,1193,1143,1325,1641,42
1480,1008,Kerianne,"Calle 24, Numero 191, Ciudad GHI",C,1952,1229,1328,1916,28
1481,1025,Jaclin,"Calle 75, Numero 350, Ciudad GHI",C,1453,1646,1505,1002,13
1482,1483,Fiorenze,"Calle 9, Numero 39, Ciudad ABC",P,1844,1195,1733,1353,11
1483,1821,Salli,"Calle 33, Numero 329, Ciudad ABC",E,1514,1051,1346,1149,37
1484,1092,Sharia,"Calle 72, Numero 587, Ciudad ABC",P,1366,1377,1672,1130,72
1485,1010,Timi,"Calle 55, Numero 844, Ciudad GHI",P,1642,1250,1390,1978,69
1486,1595,Paige,"Calle 42, Numero 719, Ciudad GHI",A,1136,1449,1649,1903,78
1487,1185,Lorita,"Calle 51, Numero 378, Ciudad DEF",A,1103,1464,1017,1959,97
1488,1816,Jeanette,"Calle 77, Numero 863, Ciudad DEF",E,1615,1039,1511,1973,79
1489,1960,Doreen,"Calle 86, Numero 986, Ciudad GHI",E,1480,1652,1264,1109,63
1490,1908,Tommie,"Calle 6, Numero 603, Ciudad ABC",A,1676,1232,1916,1956,91
1491,1618,Jena,"Calle 82, Numero 800, Ciudad ABC",A,1524,1570,1112,1862,27
1492,1214,Caro,"Calle 88, Numero 478, Ciudad GHI",E,1529,1392,1099,1377,21
1493,1972,Dionis,"Calle 13, Numero 756, Ciudad GHI",C,1019,1340,1572,1277,63
1494,1746,Raeann,"Calle 5, Numero 89, Ciudad ABC",P,1051,1915,1714,1479,11
1495,1269,Corrianne,"Calle 61, Numero 949, Ciudad DEF",A,1394,1937,1205,1687,90
1496,1894,Kelsey,"Calle 80, Numero 699, Ciudad DEF",P,1180,1604,1103,1863,68
1497,1785,Zaria,"Calle 55, Numero 654, Ciudad ABC",P,1823,1950,1663,1284,81
1498,1572,Janaya,"Calle 61, Numero 800, Ciudad GHI",P,1038,1159,1249,1963,62
1499,1255,Annis,"Calle 31, Numero 446, Ciudad ABC",A,1138,1691,1513,1984,40
1500,1758,Adrian,"Calle 7, Numero 265, Ciudad ABC",E,1418,1198,1878,1105,39
1501,1322,Tracee,"Calle 33, Numero 887, Ciudad ABC",E,1917,1236,1713,1473,8
1502,1160,Lynnell,"Calle 13, Numero 360, Ciudad GHI",A,1376,1843,1545,1510,45
1503,1494,Elise,"Calle 98, Numero 198, Ciudad DEF",E,1882,1958,1294,1925,35
1504,1429,Dasi,"Calle 33, Numero 874, Ciudad GHI",C,1798,1664,1653,1702,2
1505,1749,Denys,"Calle 59, Numero 241, Ciudad ABC",A,1900,1679,1528,1508,83
1506,1880,Annabela,"Calle 42, Numero 621, Ciudad ABC",E,1050,1568,1136,1794,78
1507,1104,Constancia,"Calle 94, Numero 554, Ciudad ABC",P,1775,1474,1240,1548,60
1508,1860,Etta,"Calle 84, Numero 285, Ciudad DEF",C,1175,1316,1283,1998,77
1509,1081,Anastasia,"Calle 84, Numero 8, Ciudad ABC",P,1218,1308,1421,1598,51
1510,1526,Sydel,"Calle 28, Numero 730, Ciudad ABC",A,1006,1173,1019,1534,31
1511,1637,Andi,"Calle 98, Numero 909, Ciudad GHI",C,1368,1941,1192,1813,78
1512,1635,Dody,"Calle 60, Numero 943, Ciudad DEF",A,1008,1289,1929,1841,51
1513,1305,Roch,"Calle 76, Numero 970, Ciudad GHI",A,1560,1500,1356,1097,67
1514,1623,Emilia,"Calle 62, Numero 363, Ciudad GHI",E,1540,1016,1228,1974,39
1515,1815,Mellisent,"Calle 77, Numero 954, Ciudad DEF",A,1991,1872,1217,1888,53
1516,1592,Karyn,"Calle 61, Numero 97, Ciudad DEF",C,1772,1764,1768,1992,31
1517,1537,Daphne,"Calle 2, Numero 462, Ciudad GHI",P,1948,1126,1123,1367,78
1518,1839,Kirstin,"Calle 27, Numero 568, Ciudad ABC",P,1546,1585,1091,1459,30
1519,1439,Polly,"Calle 60, Numero 21, Ciudad DEF",C,1058,1247,1710,1781,13
1520,1153,Janet,"Calle 8, Numero 112, Ciudad GHI",A,1036,1315,1395,1734,48
1521,1164,Judith,"Calle 82, Numero 285, Ciudad GHI",C,1945,1844,1409,1316,49
1522,1755,Jessika,"Calle 79, Numero 808, Ciudad DEF",E,1564,1291,1018,1309,8
1523,1166,Cherianne,"Calle 69, Numero 77, Ciudad ABC",P,1448,1655,1385,1593,100
1524,1217,Linn,"Calle 42, Numero 617, Ciudad GHI",C,1262,1183,1729,1337,11
1525,1889,Shawn,"Calle 90, Numero 462, Ciudad ABC",A,1896,1336,1734,1187,18
1526,1351,Eydie,"Calle 16, Numero 725, Ciudad ABC",E,1083,1023,1321,1940,74
1527,1877,Zabrina,"Calle 62, Numero 692, Ciudad ABC",C,1503,1837,1767,1636,94
1528,1278,Linn,"Calle 39, Numero 358, Ciudad DEF",E,1940,1394,1309,1296,98
1529,1454,Kellia,"Calle 38, Numero 165, Ciudad DEF",C,1274,1924,1654,1009,76
1530,1399,Madelena,"Calle 28, Numero 677, Ciudad DEF",A,1091,1199,1560,1140,30
1531,1142,Lainey,"Calle 54, Numero 912, Ciudad DEF",P,1201,1882,1919,1462,91
1532,1557,Bethany,"Calle 63, Numero 699, Ciudad DEF",E,1760,1020,1607,1770,57
1533,1064,Catlee,"Calle 33, Numero 262, Ciudad ABC",C,1523,1783,1944,1098,54
1534,1082,Shanda,"Calle 94, Numero 406, Ciudad ABC",A,1334,1715,1858,1566,68
1535,1931,Ellyn,"Calle 20, Numero 599, Ciudad DEF",E,1154,1647,1782,1563,38
1536,1333,Lonna,"Calle 80, Numero 119, Ciudad GHI",P,1369,1793,1121,1112,3
1537,1544,Lauralee,"Calle 9, Numero 168, Ciudad GHI",C,1235,1831,1154,1616,31
1538,1836,Barrie,"Calle 95, Numero 582, Ciudad GHI",A,1280,1809,1788,1746,68
1539,1819,Henryetta,"Calle 73, Numero 214, Ciudad GHI",C,1846,1477,1062,1747,85
1540,1634,Raina,"Calle 91, Numero 364, Ciudad ABC",P,1333,1841,1932,1497,50
1541,1400,Jackquelin,"Calle 47, Numero 544, Ciudad GHI",P,1518,1991,1759,1630,33
1542,1427,Sheba,"Calle 99, Numero 615, Ciudad GHI",E,1979,1237,1230,1293,3
1543,1569,Staci,"Calle 18, Numero 583, Ciudad DEF",P,1118,1621,1402,1164,3
1544,1280,Katherina,"Calle 78, Numero 650, Ciudad DEF",A,1692,1061,1706,1198,2
1545,1072,Adria,"Calle 15, Numero 741, Ciudad GHI",C,1231,1673,1072,1416,68
1546,1381,Domeniga,"Calle 62, Numero 123, Ciudad ABC",A,1868,1532,1795,1413,39
1547,1372,Marcelle,"Calle 89, Numero 648, Ciudad GHI",C,1520,1272,1977,1680,47
1548,1709,Raphaela,"Calle 27, Numero 919, Ciudad ABC",P,1290,1607,1474,1202,33
1549,1324,Laurena,"Calle 60, Numero 143, Ciudad ABC",E,1691,1587,1970,1627,73
1550,1973,Kalina,"Calle 96, Numero 52, Ciudad ABC",E,1142,1459,1532,1923,72
1551,1759,Marthena,"Calle 62, Numero 118, Ciudad DEF",C,1165,1878,1670,1111,3
1552,1519,Margret,"Calle 86, Numero 279, Ciudad ABC",P,1161,1245,1722,1893,10
1553,1021,Valry,"Calle 96, Numero 555, Ciudad DEF",C,1836,1997,1965,1001,95
1554,1631,Lorna,"Calle 12, Numero 752, Ciudad DEF",E,1646,1842,1365,1061,5
1555,1028,Amalie,"Calle 12, Numero 553, Ciudad GHI",E,1700,1862,1218,1223,72
1556,1461,Corissa,"Calle 47, Numero 540, Ciudad ABC",P,1672,1540,1379,1426,95
1557,1103,Adelaide,"Calle 39, Numero 277, Ciudad GHI",E,1040,1922,1857,1577,59
1558,1900,Carma,"Calle 26, Numero 907, Ciudad GHI",P,1986,1105,1697,1352,24
1559,1560,Veriee,"Calle 75, Numero 865, Ciudad GHI",E,1086,1192,1562,1871,15
1560,1290,Maisie,"Calle 87, Numero 965, Ciudad ABC",A,1244,1286,1416,1347,11
1561,1679,Ardenia,"Calle 69, Numero 20, Ciudad DEF",C,1511,1060,1856,1769,93
1562,1046,Lee,"Calle 26, Numero 601, Ciudad ABC",A,1811,1580,1569,1859,9
1563,1243,Elinore,"Calle 33, Numero 923, Ciudad DEF",P,1705,1921,1752,1653,35
1564,1989,Holli,"Calle 64, Numero 881, Ciudad DEF",E,1580,1902,1306,1458,56
1565,1579,Vikki,"Calle 82, Numero 106, Ciudad GHI",A,1631,1639,1073,1137,58
1566,1654,Mona,"Calle 48, Numero 917, Ciudad ABC",A,1752,1428,1084,1935,97
1567,1162,Carine,"Calle 50, Numero 570, Ciudad DEF",C,1767,1307,1763,1371,6
1568,1371,Nola,"Calle 96, Numero 911, Ciudad DEF",C,1276,1331,1884,1470,95
1569,1987,Electra,"Calle 14, Numero 287, Ciudad ABC",P,1796,1852,1552,1809,48
1570,1152,Alexandrina,"Calle 71, Numero 110, Ciudad ABC",A,1908,1018,1622,1006,53
1571,1040,June,"Calle 84, Numero 216, Ciudad DEF",C,1364,1008,1440,1575,87
1572,1571,Anabel,"Calle 99, Numero 367, Ciudad DEF",C,1970,1659,1575,1960,35
1573,1796,Toby,"Calle 14, Numero 530, Ciudad ABC",P,1470,1344,1434,1850,38
1574,1655,Jorey,"Calle 46, Numero 607, Ciudad GHI",E,1878,1698,1169,1215,48
1575,1002,Mellisent,"Calle 60, Numero 656, Ciudad GHI",A,1326,1007,1813,1465,69
1576,1812,Vally,"Calle 96, Numero 165, Ciudad ABC",A,1318,1473,1844,1921,60
1577,1854,Shana,"Calle 72, Numero 921, Ciudad DEF",C,1889,1296,1673,1753,37
1578,1328,Clarette,"Calle 97, Numero 810, Ciudad DEF",A,1784,1107,1168,1249,44
1579,1178,Dayle,"Calle 50, Numero 185, Ciudad GHI",A,1547,1490,1389,1324,39
1580,1702,L;urette,"Calle 88, Numero 39, Ciudad ABC",A,1925,1894,1032,1329,57
1581,1301,Caroljean,"Calle 73, Numero 68, Ciudad GHI",C,1822,1897,1771,1582,74
1582,1295,Mae,"Calle 33, Numero 721, Ciudad DEF",P,1805,1791,1824,1355,100
1583,1605,Myrta,"Calle 94, Numero 756, Ciudad ABC",E,1406,1780,1621,1843,62
1584,1232,Fawn,"Calle 56, Numero 433, Ciudad ABC",P,1972,1553,1131,1126,77
1585,1705,Kelci,"Calle 76, Numero 723, Ciudad ABC",A,1153,1304,1111,1803,22
1586,1559,Nikkie,"Calle 66, Numero 337, Ciudad DEF",C,1365,1458,1387,1046,99
1587,1809,Niki,"Calle 66, Numero 900, Ciudad DEF",A,1355,1865,1011,1128,94
1588,1804,Olwen,"Calle 94, Numero 615, Ciudad ABC",C,1157,1960,1254,1667,68
1589,1598,Suzi,"Calle 52, Numero 660, Ciudad GHI",A,1391,1816,1033,1835,85
1590,1713,Nadine,"Calle 52, Numero 261, Ciudad GHI",P,1486,1643,1908,1912,5
1591,1552,Christian,"Calle 72, Numero 129, Ciudad DEF",E,1293,1674,1051,1494,60
1592,1926,Arabela,"Calle 38, Numero 114, Ciudad DEF",C,1237,1753,1509,1298,97
1593,1261,Kesley,"Calle 45, Numero 318, Ciudad DEF",P,1101,1092,1597,1628,15
1594,1873,Etti,"Calle 45, Numero 781, Ciudad GHI",A,1815,1238,1678,1245,32
1595,1364,Darci,"Calle 90, Numero 93, Ciudad DEF",C,1322,1871,1644,1419,24
1596,1294,Rebeka,"Calle 90, Numero 629, Ciudad DEF",C,1388,1968,1546,1170,75
1597,1073,Lynna,"Calle 7, Numero 351, Ciudad ABC",A,1585,1644,1538,1596,33
1598,1179,Aubrie,"Calle 28, Numero 745, Ciudad DEF",P,1720,1931,1985,1745,80
1599,1944,Roch,"Calle 70, Numero 40, Ciudad GHI",P,1605,1876,1003,1074,2
1600,1611,Ginnie,"Calle 78, Numero 348, Ciudad GHI",A,1275,1059,1804,1078,46
1601,1426,Hesther,"Calle 75, Numero 871, Ciudad GHI",P,1874,1055,1930,1861,96
1602,1534,Clarette,"Calle 29, Numero 629, Ciudad GHI",C,1897,1887,1774,1540,37
1603,1296,Eleonore,"Calle 52, Numero 360, Ciudad ABC",E,1266,1472,1802,1928,63
1604,1012,Iseabal,"Calle 83, Numero 593, Ciudad DEF",E,1735,1476,1382,1848,62
1605,1492,Nani,"Calle 73, Numero 711, Ciudad ABC",A,1596,1627,1077,1163,92
1606,1553,Bonny,"Calle 43, Numero 136, Ciudad DEF",E,1151,1758,1065,1375,75
1607,1725,Sherye,"Calle 9, Numero 2, Ciudad ABC",C,1222,1948,1381,1173,12
1608,1188,Charmaine,"Calle 75, Numero 635, Ciudad DEF",E,1473,1885,1122,1267,41
1609,1841,Libby,"Calle 24, Numero 980, Ciudad ABC",E,1456,1533,1482,1378,81
1610,1776,Sydelle,"Calle 72, Numero 681, Ciudad GHI",P,1831,1116,1344,1780,43
1611,1063,Viv,"Calle 76, Numero 776, Ciudad ABC",A,1073,1889,1931,1789,97
1612,1640,Sibby,"Calle 18, Numero 474, Ciudad GHI",C,1576,1582,1081,1228,60
1613,1395,Peggie,"Calle 89, Numero 42, Ciudad GHI",P,1223,1742,1961,1613,86
1614,1137,Livvyy,"Calle 72, Numero 835, Ciudad GHI",P,1578,1628,1473,1133,65
1615,1418,Talia,"Calle 31, Numero 648, Ciudad ABC",E,2000,1999,1135,1705,94
1616,1791,Ashlen,"Calle 60, Numero 831, Ciudad ABC",A,1400,1371,1196,1031,39
1617,1181,Karel,"Calle 75, Numero 256, Ciudad GHI",C,1306,1106,1596,1101,31
1618,1391,Willi,"Calle 84, Numero 827, Ciudad GHI",C,1683,1027,1466,1268,35
1619,1392,Emmalynne,"Calle 54, Numero 970, Ciudad GHI",P,1387,1848,1960,1513,57
1620,1444,Rosabella,"Calle 93, Numero 835, Ciudad DEF",C,1911,1443,1281,1383,76
1621,1341,Merrily,"Calle 17, Numero 238, Ciudad ABC",A,1759,1486,1392,1241,92
1622,1248,Emelda,"Calle 54, Numero 565, Ciudad ABC",C,1818,1561,1730,1066,87
1623,1704,Karine,"Calle 91, Numero 432, Ciudad ABC",E,1360,1910,1527,1800,42
1624,1464,Bunny,"Calle 86, Numero 336, Ciudad ABC",C,1739,1602,1805,1898,55
1625,1907,Chelsy,"Calle 45, Numero 258, Ciudad DEF",P,1795,1858,1452,1787,93
1626,1006,Natalie,"Calle 6, Numero 648, Ciudad ABC",E,1212,1989,1149,1878,7
1627,1262,Kamila,"Calle 79, Numero 723, Ciudad GHI",C,1289,1326,1207,1445,77
1628,1998,Elsy,"Calle 57, Numero 982, Ciudad ABC",A,1551,1038,1510,1226,84
1629,1083,Tara,"Calle 66, Numero 600, Ciudad DEF",A,1367,1595,1120,1343,47
1630,1108,Jorie,"Calle 50, Numero 563, Ciudad DEF",A,1956,1712,1696,1979,17
1631,1673,Merla,"Calle 96, Numero 953, Ciudad ABC",A,1762,1608,1378,1283,29
1632,1984,Heddie,"Calle 46, Numero 427, Ciudad DEF",E,1505,1904,1792,1865,79
1633,1715,Daisi,"Calle 73, Numero 458, Ciudad GHI",A,1821,1352,1682,1104,44
1634,1548,Zsazsa,"Calle 9, Numero 210, Ciudad ABC",P,1685,1302,1762,1121,53
1635,1407,Konstance,"Calle 92, Numero 249, Ciudad DEF",A,1461,1193,1137,1997,71
1636,1632,Mehetabel,"Calle 69, Numero 727, Ciudad GHI",A,1221,1614,1947,1590,58
1637,1976,Jaquelyn,"Calle 48, Numero 574, Ciudad ABC",C,1517,1631,1257,1689,56
1638,1651,Casandra,"Calle 53, Numero 379, Ciudad ABC",A,1619,1410,1693,1934,27
1639,1118,Carlie,"Calle 99, Numero 331, Ciudad DEF",A,1985,1080,1744,1142,8
1640,1487,Annora,"Calle 11, Numero 690, Ciudad GHI",A,1591,1736,1170,1964,33
1641,1627,Ibbie,"Calle 79, Numero 301, Ciudad ABC",A,1594,1695,1020,1665,60
1642,1729,Shelli,"Calle 95, Numero 510, Ciudad ABC",C,1156,1397,1732,1175,48
1643,1211,Sarette,"Calle 48, Numero 836, Ciudad ABC",A,1340,1677,1057,1390,93
1644,1053,Catlin,"Calle 97, Numero 167, Ciudad GHI",C,1255,1891,1845,1181,33
1645,1577,Dyna,"Calle 29, Numero 661, Ciudad GHI",A,1282,1721,1834,1688,68
1646,1270,Bidget,"Calle 11, Numero 185, Ciudad ABC",E,1887,1855,1401,1704,53
1647,1968,Mahala,"Calle 40, Numero 838, Ciudad ABC",E,1528,1766,1736,1986,22
1648,1629,Jordana,"Calle 6, Numero 119, Ciudad GHI",A,1345,1448,1725,1216,93
1649,1463,Chandra,"Calle 75, Numero 774, Ciudad ABC",E,1586,1259,1480,1955,71
1650,1471,Sarine,"Calle 90, Numero 828, Ciudad DEF",C,1904,1463,1587,1406,82
1651,1170,Cherye,"Calle 94, Numero 362, Ciudad GHI",C,1880,1468,1576,1541,76
1652,1740,Gerrilee,"Calle 34, Numero 125, Ciudad DEF",E,1907,1549,1668,1483,26
1653,1810,Dredi,"Calle 48, Numero 544, Ciudad GHI",P,1834,1822,1327,1125,2
1654,1871,Bellanca,"Calle 94, Numero 918, Ciudad DEF",P,1656,1062,1677,1561,51
1655,1925,Jobey,"Calle 24, Numero 243, Ciudad GHI",A,1711,1153,1743,1521,49
1656,1617,Lorain,"Calle 97, Numero 863, Ciudad GHI",E,1338,1156,1307,1539,28
1657,1536,Estelle,"Calle 15, Numero 933, Ciudad GHI",C,1593,1881,1159,1374,83
1658,1794,Amalee,"Calle 61, Numero 551, Ciudad DEF",E,1094,1788,1115,1065,71
1659,1141,Engracia,"Calle 88, Numero 279, Ciudad ABC",C,1358,1278,1045,1713,52
1660,1599,Freida,"Calle 20, Numero 144, Ciudad ABC",P,1662,1827,1289,1505,26
1661,1981,Madelina,"Calle 2, Numero 649, Ciudad GHI",E,1604,1134,1246,1077,39
1662,1220,Elsbeth,"Calle 76, Numero 930, Ciudad GHI",A,1495,1979,1580,1281,97
1663,1317,Briny,"Calle 71, Numero 668, Ciudad ABC",E,1027,1616,1903,1782,82
1664,1163,Sherye,"Calle 12, Numero 844, Ciudad DEF",C,1343,1399,1758,1037,90
1665,1516,Shaun,"Calle 82, Numero 697, Ciudad ABC",E,1810,1917,1893,1884,76
1666,1948,Roda,"Calle 37, Numero 137, Ciudad ABC",A,1500,1649,1610,1053,45
1667,1748,Annabelle,"Calle 61, Numero 355, Ciudad DEF",A,1479,1880,1614,1203,21
1668,1856,Ginni,"Calle 28, Numero 335, Ciudad DEF",P,1933,1373,1979,1615,43
1669,1212,Cristabel,"Calle 17, Numero 370, Ciudad GHI",C,1093,1790,1756,1230,68
1670,1988,Tiphany,"Calle 90, Numero 468, Ciudad DEF",E,1258,1162,1694,1826,54
1671,1891,Reiko,"Calle 46, Numero 97, Ciudad ABC",E,1829,1654,1753,1657,36
1672,1231,Lida,"Calle 71, Numero 674, Ciudad GHI",E,1310,1840,1754,1742,3
1673,1396,Stepha,"Calle 69, Numero 539, Ciudad DEF",E,1385,1775,1280,1930,46
1674,1047,Quintina,"Calle 75, Numero 581, Ciudad GHI",A,1491,1434,1234,1763,22
1675,1721,Junia,"Calle 25, Numero 475, Ciudad ABC",E,1910,1366,1865,1364,22
1676,1957,Alethea,"Calle 30, Numero 541, Ciudad GHI",E,1953,1178,1863,1703,98
1677,1699,Nickie,"Calle 8, Numero 235, Ciudad GHI",C,1426,1375,1252,1290,68
1678,1206,Marti,"Calle 63, Numero 785, Ciudad ABC",C,1371,1042,1954,1786,48
1679,1733,Selestina,"Calle 36, Numero 321, Ciudad ABC",E,1346,1412,1964,1656,47
1680,1498,Bunni,"Calle 14, Numero 258, Ciudad ABC",C,1955,1666,1781,1610,49
1681,1175,Georgetta,"Calle 41, Numero 246, Ciudad DEF",P,1771,1879,1608,1816,100
1682,1955,Philippa,"Calle 23, Numero 952, Ciudad ABC",C,1515,1682,1966,1051,58
1683,1664,Katey,"Calle 90, Numero 549, Ciudad ABC",A,1074,1645,1054,1677,75
1684,1100,Casie,"Calle 64, Numero 730, Ciudad DEF",E,1163,1085,1403,1251,71
1685,1367,Antonetta,"Calle 34, Numero 30, Ciudad DEF",P,1853,1009,1617,1556,81
1686,1284,Ulrikaumeko,"Calle 56, Numero 516, Ciudad GHI",P,1249,1622,1553,1715,24
1687,1845,Melodee,"Calle 92, Numero 742, Ciudad DEF",P,1139,1689,1464,1363,42
1688,1359,Hynda,"Calle 31, Numero 210, Ciudad ABC",A,1937,1959,1794,1939,21
1689,1714,Sophi,"Calle 50, Numero 644, Ciudad DEF",E,1653,1660,1831,1021,26
1690,1909,Sybyl,"Calle 52, Numero 355, Ciudad GHI",C,1440,1829,1550,1224,64
1691,1964,Lisha,"Calle 22, Numero 59, Ciudad ABC",A,1855,1796,1872,1403,99
1692,1282,Marjorie,"Calle 10, Numero 267, Ciudad DEF",C,1927,1182,1724,1951,52
1693,1147,Kristyn,"Calle 38, Numero 419, Ciudad ABC",E,1205,1046,1881,1655,82
1694,1938,Marchelle,"Calle 25, Numero 192, Ciudad GHI",P,1963,1263,1632,1664,61
1695,1059,Noreen,"Calle 7, Numero 221, Ciudad DEF",C,1135,1082,1701,1064,33
1696,1193,Elspeth,"Calle 78, Numero 235, Ciudad GHI",A,1336,1599,1223,1456,11
1697,1782,Ralina,"Calle 63, Numero 483, Ciudad GHI",A,1737,1685,1175,1504,80
1698,1076,Kalindi,"Calle 91, Numero 134, Ciudad DEF",A,1769,1951,1341,1161,98
1699,1675,Danni,"Calle 79, Numero 433, Ciudad ABC",A,1441,1814,1097,1932,5
1700,1241,Sharline,"Calle 89, Numero 537, Ciudad ABC",P,1466,1586,1219,1124,36
1701,1277,Amalie,"Calle 35, Numero 750, Ciudad GHI",E,1780,1683,1010,1626,27
1702,1914,Cristen,"Calle 33, Numero 76, Ciudad DEF",E,1224,1313,1383,1168,34
1703,1204,Tiff,"Calle 27, Numero 859, Ciudad DEF",C,1342,1140,1138,1757,6
1704,1798,Lark,"Calle 35, Numero 679, Ciudad GHI",E,1042,1388,1155,1481,84
1705,1197,Denise,"Calle 91, Numero 359, Ciudad ABC",C,1530,1265,1728,1647,27
1706,1859,Jorry,"Calle 93, Numero 419, Ciudad DEF",E,1373,1800,1987,1759,5
1707,1086,Robbie,"Calle 11, Numero 495, Ciudad ABC",E,1488,1129,1639,1711,42
1708,1205,Audry,"Calle 19, Numero 943, Ciudad DEF",E,1430,1006,1443,1261,86
1709,1121,Perry,"Calle 19, Numero 572, Ciudad ABC",A,1645,1166,1117,1707,9
1710,1607,Naoma,"Calle 5, Numero 687, Ciudad GHI",P,1146,1099,1923,1369,71
1711,1586,Mickie,"Calle 50, Numero 587, Ciudad GHI",C,1434,1163,1288,1967,100
1712,1496,Mercedes,"Calle 40, Numero 891, Ciudad DEF",C,1755,1135,1902,1143,18
1713,1757,Nata,"Calle 41, Numero 196, Ciudad DEF",E,1041,1097,1745,1437,48
1714,1140,Dina,"Calle 88, Numero 47, Ciudad ABC",P,1127,1720,1471,1323,83
1715,1446,Marje,"Calle 89, Numero 510, Ciudad DEF",C,1841,1357,1855,1774,76
1716,1007,Shandeigh,"Calle 56, Numero 206, Ciudad DEF",P,1097,1322,1037,1153,52
1717,1357,Veronike,"Calle 50, Numero 735, Ciudad GHI",A,1610,1820,1995,1892,21
1718,1024,Lynde,"Calle 16, Numero 850, Ciudad DEF",A,1191,1896,1227,1629,63
1719,1657,Hinda,"Calle 11, Numero 341, Ciudad ABC",P,1253,1026,1066,1248,29
1720,1365,Kippy,"Calle 87, Numero 57, Ciudad ABC",A,1922,1784,1340,1206,47
1721,1139,Desirae,"Calle 14, Numero 610, Ciudad GHI",P,1768,1671,1686,1981,22
1722,1339,Andria,"Calle 96, Numero 88, Ciudad ABC",C,1079,1850,1879,1152,29
1723,1522,Lena,"Calle 18, Numero 106, Ciudad DEF",A,1681,1806,1980,1291,78
1724,1079,Chantal,"Calle 7, Numero 384, Ciudad ABC",P,1171,1093,1333,1779,13
1725,1626,Virgie,"Calle 42, Numero 82, Ciudad ABC",E,1553,1267,1852,1151,16
1726,1440,Noelle,"Calle 69, Numero 34, Ciudad GHI",C,1934,1943,1907,1624,15
1727,1947,Vivi,"Calle 85, Numero 353, Ciudad DEF",C,1671,1588,1030,1554,21
1728,1556,Adora,"Calle 10, Numero 463, Ciudad ABC",A,1697,1390,1937,1302,47
1729,1004,Cherry,"Calle 88, Numero 911, Ciudad ABC",A,1998,1926,1605,1155,76
1730,1472,Ertha,"Calle 28, Numero 829, Ciudad GHI",P,1669,1661,1074,1822,50
1731,1089,Karin,"Calle 12, Numero 812, Ciudad ABC",E,1202,1487,1014,1058,61
1732,1650,Dahlia,"Calle 73, Numero 207, Ciudad DEF",C,1731,1992,1393,1335,84
1733,1190,Florenza,"Calle 20, Numero 952, Ciudad DEF",E,1573,1909,1886,1059,51
1734,1806,Prudy,"Calle 97, Numero 373, Ciudad DEF",A,1975,1583,1926,1760,75
1735,1630,Sashenka,"Calle 52, Numero 118, Ciudad GHI",A,1618,1312,1531,1915,6
1736,1663,Orella,"Calle 96, Numero 573, Ciudad DEF",A,1102,1246,1996,1567,63
1737,1330,Terry,"Calle 78, Numero 371, Ciudad GHI",A,1236,1949,1778,1120,68
1738,1991,Flori,"Calle 54, Numero 770, Ciudad GHI",C,1438,1279,1791,1609,85
1739,1717,Janis,"Calle 82, Numero 107, Ciudad ABC",E,1017,1857,1351,1079,91
1740,1125,Rosalinda,"Calle 84, Numero 762, Ciudad DEF",P,1092,1354,1848,1015,79
1741,1921,Loree,"Calle 80, Numero 791, Ciudad GHI",P,1982,1128,1237,1606,24
1742,1666,Willyt,"Calle 99, Numero 81, Ciudad DEF",C,1957,1701,1738,1860,29
1743,1767,Jordanna,"Calle 59, Numero 869, Ciudad DEF",C,1738,1919,1398,1555,34
1744,1321,Juanita,"Calle 32, Numero 763, Ciudad GHI",C,1439,1895,1469,1721,89
1745,1600,Devondra,"Calle 50, Numero 464, Ciudad GHI",C,1140,1209,1158,1294,57
1746,1979,Alvira,"Calle 81, Numero 333, Ciudad GHI",P,1535,1180,1922,1068,14
1747,1435,Marney,"Calle 82, Numero 796, Ciudad GHI",P,1078,1293,1145,1372,35
1748,1843,Gael,"Calle 27, Numero 545, Ciudad ABC",C,1718,1133,1700,1087,69
1749,1863,Christian,"Calle 42, Numero 638, Ciudad DEF",A,1845,1167,1173,1136,86
1750,1890,Kimberlyn,"Calle 23, Numero 392, Ciudad GHI",P,1471,1287,1591,1030,49
1751,1659,Audre,"Calle 46, Numero 926, Ciudad ABC",P,1481,1175,1044,1017,5
1752,1346,Sibby,"Calle 35, Numero 593, Ciudad GHI",C,1947,1069,1213,1917,86
1753,1996,Codie,"Calle 53, Numero 360, Ciudad GHI",E,1668,1705,1140,1333,43
1754,1135,Hulda,"Calle 15, Numero 841, Ciudad GHI",A,1250,1383,1998,1156,37
1755,1421,Sarita,"Calle 78, Numero 895, Ciudad ABC",C,1172,1847,1731,1727,73
1756,1452,Harlie,"Calle 98, Numero 26, Ciudad GHI",A,1873,1081,1877,1442,41
1757,1833,Emmalyn,"Calle 20, Numero 185, Ciudad DEF",E,1443,1297,1609,1895,36
1758,1210,Emilee,"Calle 31, Numero 15, Ciudad DEF",P,1600,1560,1104,1675,90
1759,1864,Netty,"Calle 64, Numero 834, Ciudad DEF",E,1779,1517,1600,1953,76
1760,1450,Rebecca,"Calle 81, Numero 95, Ciudad ABC",A,1167,1723,1092,1096,92
1761,1098,Babara,"Calle 44, Numero 732, Ciudad ABC",P,1449,1676,1563,1599,39
1762,1293,Kristi,"Calle 18, Numero 731, Ciudad GHI",E,1832,1905,1790,1418,5
1763,1490,Letta,"Calle 44, Numero 17, Ciudad ABC",E,1921,1749,1814,1409,13
1764,1132,Gwendolyn,"Calle 16, Numero 264, Ciudad ABC",C,1268,1127,1450,1041,51
1765,1783,Dotti,"Calle 31, Numero 511, Ciudad GHI",A,1912,1451,1821,1773,43
1766,1222,Genni,"Calle 14, Numero 984, Ciudad ABC",C,1763,1221,1698,1119,9
1767,1314,Rosabella,"Calle 41, Numero 963, Ciudad ABC",E,1075,1696,1358,1039,92
1768,2000,Dorice,"Calle 30, Numero 818, Ciudad ABC",A,1194,1204,1942,1950,100
1769,1216,Donielle,"Calle 23, Numero 526, Ciudad GHI",C,1906,1711,1988,1749,58
1770,1604,Merilee,"Calle 42, Numero 822, Ciudad GHI",P,1608,1693,1142,1654,95
1771,1680,Perl,"Calle 62, Numero 868, Ciudad GHI",C,1624,1615,1198,1515,77
1772,1202,Bobette,"Calle 35, Numero 901, Ciudad GHI",A,1134,1804,1386,1600,78
1773,1009,Jo-anne,"Calle 16, Numero 139, Ciudad ABC",A,1109,1928,1625,1637,47
1774,1438,Shelagh,"Calle 88, Numero 104, Ciudad DEF",E,1141,1957,1373,1990,48
1775,1691,Riki,"Calle 97, Numero 131, Ciudad GHI",A,1498,1238,1266,1852,55
1776,1815,Mellisent,"Calle 94, Numero 414, Ciudad ABC",A,1256,1616,1282,1623,28
1777,1916,Leonora,"Calle 56, Numero 32, Ciudad ABC",A,1455,1669,1139,1414,81
1778,1498,Bunni,"Calle 39, Numero 882, Ciudad DEF",E,1117,1389,1695,1083,85
1779,1292,Yolanda,"Calle 56, Numero 911, Ciudad DEF",P,1267,1893,1236,1837,28
1780,1733,Selestina,"Calle 16, Numero 421, Ciudad DEF",C,1018,1715,1853,1122,3
1781,1208,Gilda,"Calle 70, Numero 116, Ciudad GHI",E,1930,1124,1165,1463,22
1782,1252,Sharon,"Calle 33, Numero 973, Ciudad GHI",C,1788,1718,1705,1977,35
1783,1207,Corena,"Calle 25, Numero 692, Ciudad ABC",P,1176,1973,1948,1376,42
1784,1354,Sabina,"Calle 74, Numero 324, Ciudad ABC",C,1984,1943,1911,1330,94
1785,1398,Carola,"Calle 93, Numero 739, Ciudad ABC",E,1081,1270,1114,1354,49
1786,1378,Cherey,"Calle 31, Numero 670, Ciudad GHI",P,1372,1130,1162,1736,98
1787,1117,Catherina,"Calle 26, Numero 716, Ciudad ABC",C,1284,1131,1787,1801,57
1788,1602,Clareta,"Calle 86, Numero 940, Ciudad ABC",E,1404,1117,1087,1185,99
1789,1436,Riannon,"Calle 95, Numero 386, Ciudad ABC",E,1571,1636,1497,1985,99
1790,1495,Amitie,"Calle 95, Numero 266, Ciudad GHI",E,1840,1605,1036,1870,90
1791,1274,Haily,"Calle 90, Numero 991, Ciudad DEF",A,1595,1580,1136,1712,98
1792,1389,Kirsten,"Calle 53, Numero 221, Ciudad DEF",A,1696,1860,1413,1700,41
1793,1911,Dora,"Calle 96, Numero 243, Ciudad ABC",E,1651,1979,1918,1380,80
1794,1402,Ardene,"Calle 11, Numero 737, Ciudad DEF",C,1670,1977,1484,1954,2
1795,1273,Devin,"Calle 93, Numero 986, Ciudad ABC",E,1657,1995,1461,1587,37
1796,1967,Estrellita,"Calle 2, Numero 648, Ciudad ABC",P,1702,1581,1027,1029,79
1797,1392,Emmalynne,"Calle 59, Numero 400, Ciudad DEF",C,1393,1875,1205,1761,30
1798,1583,Lurline,"Calle 79, Numero 494, Ciudad ABC",P,1441,1147,1495,1336,50
1799,1891,Reiko,"Calle 92, Numero 265, Ciudad ABC",E,1347,1800,1986,1697,55
1800,1194,Rochella,"Calle 19, Numero 442, Ciudad ABC",E,1454,1541,1833,1045,13
1801,1443,Lyda,"Calle 52, Numero 484, Ciudad GHI",C,1328,1599,1122,1679,81
1802,1335,Celka,"Calle 66, Numero 367, Ciudad ABC",A,1184,1229,1946,1460,43
1803,1722,Pam,"Calle 36, Numero 380, Ciudad ABC",C,1805,1655,1002,1919,46
1804,1989,Holli,"Calle 43, Numero 547, Ciudad DEF",E,1596,1486,1528,1486,21
1805,1752,Dannie,"Calle 39, Numero 293, Ciudad GHI",C,1806,1686,1835,1571,15
1806,1165,Lianna,"Calle 30, Numero 826, Ciudad ABC",A,1736,1275,1952,1835,72
1807,1833,Emmalyn,"Calle 87, Numero 820, Ciudad ABC",P,1481,1960,1536,1022,97
1808,1631,Lorna,"Calle 19, Numero 853, Ciudad ABC",P,1095,1041,1717,1436,16
1809,1908,Tommie,"Calle 95, Numero 258, Ciudad ABC",P,1390,1450,1747,1729,71
1810,1570,Rosalynd,"Calle 53, Numero 964, Ciudad GHI",P,1216,1768,1890,1680,52
1811,1002,Mellisent,"Calle 59, Numero 487, Ciudad DEF",A,1866,1611,1321,1286,44
1812,1876,Bibbie,"Calle 7, Numero 730, Ciudad DEF",C,1056,1504,1368,1346,73
1813,1055,Ora,"Calle 61, Numero 151, Ciudad GHI",E,1289,1379,1972,1898,74
1814,1462,Susy,"Calle 1, Numero 200, Ciudad ABC",P,1241,1289,1668,1770,61
1815,1738,Allsun,"Calle 38, Numero 264, Ciudad GHI",C,1479,1656,1270,1438,33
1816,1454,Kellia,"Calle 13, Numero 917, Ciudad GHI",A,1942,1167,1083,1101,30
1817,1038,Sada,"Calle 55, Numero 168, Ciudad ABC",P,1565,1823,1636,1471,86
1818,1432,Marina,"Calle 88, Numero 253, Ciudad GHI",A,1331,1492,1530,1021,84
1819,1281,Henryetta,"Calle 37, Numero 611, Ciudad ABC",E,1878,1348,1144,1545,47
1820,1844,Farrah,"Calle 67, Numero 287, Ciudad GHI",C,1540,1544,1340,1724,81
1821,1926,Arabela,"Calle 30, Numero 302, Ciudad DEF",E,1107,1876,1917,1644,15
1822,1951,Arabel,"Calle 57, Numero 955, Ciudad DEF",C,1983,1566,1763,1716,67
1823,1375,Katheryn,"Calle 75, Numero 56, Ciudad ABC",A,1306,1255,1883,1692,83
1824,1105,Clementina,"Calle 95, Numero 840, Ciudad GHI",A,1758,1514,1621,1205,33
1825,1701,Frannie,"Calle 60, Numero 561, Ciudad DEF",P,1799,1664,1045,1292,39
1826,1682,Elsi,"Calle 28, Numero 510, Ciudad DEF",E,1960,1271,1428,1672,48
1827,1073,Lynna,"Calle 20, Numero 389, Ciudad ABC",E,1743,1733,1766,1848,65
1828,1494,Elise,"Calle 60, Numero 642, Ciudad ABC",E,1384,1237,1458,1311,9
1829,1883,Lorry,"Calle 73, Numero 471, Ciudad GHI",E,1339,1578,1432,1171,30
1830,1525,Mamie,"Calle 41, Numero 303, Ciudad GHI",A,1626,1851,1709,1117,92
1831,1334,Randy,"Calle 56, Numero 36, Ciudad ABC",A,1863,1352,1654,1990,74
1832,1076,Kalindi,"Calle 72, Numero 961, Ciudad DEF",C,1044,1975,1884,1559,96
1833,1249,Tessy,"Calle 97, Numero 481, Ciudad ABC",C,1539,1707,1450,1940,41
1834,1133,Ethyl,"Calle 89, Numero 521, Ciudad DEF",C,1526,1439,1156,1750,58
1835,1122,Kristi,"Calle 79, Numero 8, Ciudad DEF",A,1376,1650,1845,1557,43
1836,1988,Tiphany,"Calle 20, Numero 243, Ciudad ABC",C,1320,1151,1472,1142,66
1837,1599,Freida,"Calle 19, Numero 93, Ciudad GHI",P,1008,1235,1919,1283,11
1838,1679,Ardenia,"Calle 49, Numero 645, Ciudad GHI",E,1818,1942,1731,1734,42
1839,1662,Jade,"Calle 73, Numero 411, Ciudad GHI",C,1819,1834,1074,1288,45
1840,1482,Idalia,"Calle 16, Numero 373, Ciudad DEF",C,1691,1375,1661,1804,87
1841,1801,Odelia,"Calle 60, Numero 905, Ciudad GHI",E,1336,1712,1264,1581,32
1842,1641,Sherrie,"Calle 38, Numero 108, Ciudad ABC",A,1195,1622,1281,1721,48
1843,1907,Chelsy,"Calle 65, Numero 196, Ciudad ABC",P,1917,1083,1925,1353,48
1844,1665,Rosalinda,"Calle 22, Numero 741, Ciudad DEF",A,1122,1241,1481,1542,53
1845,1111,Trista,"Calle 43, Numero 841, Ciudad ABC",P,1252,1509,1949,1853,74
1846,1069,Tarrah,"Calle 14, Numero 121, Ciudad GHI",P,1666,1232,1237,1282,46
1847,1155,Eleanore,"Calle 60, Numero 333, Ciudad DEF",E,1787,1395,1280,1064,6
1848,1807,Sandi,"Calle 36, Numero 281, Ciudad GHI",A,1012,1880,1485,1669,31
1849,1643,Nancee,"Calle 7, Numero 515, Ciudad DEF",C,1748,1260,1449,1442,44
1850,1913,Corabel,"Calle 43, Numero 22, Ciudad DEF",E,1318,1309,1605,1907,90
1851,1903,Zita,"Calle 78, Numero 397, Ciudad ABC",P,1880,1261,1927,1067,63
1852,1250,Amalita,"Calle 34, Numero 662, Ciudad GHI",P,1521,1332,1178,1237,64
1853,1511,Gilligan,"Calle 56, Numero 131, Ciudad DEF",E,1593,1288,1618,1514,66
1854,1921,Loree,"Calle 59, Numero 437, Ciudad DEF",A,1170,1060,1553,1678,14
1855,1384,Brandise,"Calle 96, Numero 677, Ciudad GHI",A,1627,1668,1505,1741,18
1856,1611,Ginnie,"Calle 40, Numero 367, Ciudad DEF",C,1483,1542,1410,1386,75
1857,1007,Shandeigh,"Calle 80, Numero 672, Ciudad DEF",A,1090,1607,1143,1083,57
1858,1224,Neilla,"Calle 2, Numero 59, Ciudad GHI",P,1229,1658,1910,1226,38
1859,1568,Magdalena,"Calle 100, Numero 963, Ciudad ABC",C,1244,1179,1397,1464,7
1860,1534,Clarette,"Calle 20, Numero 298, Ciudad DEF",C,1314,1141,1459,1050,25
1861,1924,Roselle,"Calle 26, Numero 271, Ciudad DEF",C,1871,1679,1701,1148,67
1862,1190,Florenza,"Calle 15, Numero 535, Ciudad GHI",P,1592,1267,1190,1546,16
1863,1084,Brenda,"Calle 44, Numero 991, Ciudad DEF",C,1101,1938,1620,1207,42
1864,1351,Eydie,"Calle 53, Numero 833, Ciudad DEF",P,1583,1615,1377,1082,69
1865,1526,Sydel,"Calle 91, Numero 741, Ciudad DEF",E,1678,1739,1222,1349,89
1866,1182,Michal,"Calle 75, Numero 976, Ciudad GHI",A,1007,1767,1958,1191,56
1867,1769,Allison,"Calle 38, Numero 278, Ciudad GHI",C,1861,1895,1376,1566,33
1868,1806,Prudy,"Calle 37, Numero 655, Ciudad GHI",A,1614,1084,1974,1879,31
1869,1161,Thelma,"Calle 58, Numero 562, Ciudad ABC",C,1366,1424,1891,1909,39
1870,1296,Eleonore,"Calle 78, Numero 51, Ciudad ABC",P,1179,1831,1249,1891,1
1871,1874,Blaire,"Calle 63, Numero 977, Ciudad DEF",A,1265,1794,1965,1490,96
1872,1341,Merrily,"Calle 84, Numero 618, Ciudad ABC",A,1961,1719,1575,1357,65
1873,1470,Katrine,"Calle 30, Numero 521, Ciudad DEF",P,1984,1619,1438,1738,98
1874,1788,Carolyne,"Calle 57, Numero 90, Ciudad DEF",C,1185,1870,1378,1392,46
1875,1630,Sashenka,"Calle 83, Numero 403, Ciudad DEF",P,1281,1328,1656,1379,85
1876,1304,Dominica,"Calle 25, Numero 612, Ciudad DEF",P,1530,1236,1734,1638,19
1877,1136,Dulcy,"Calle 68, Numero 864, Ciudad GHI",A,1028,1234,1978,1547,60
1878,1442,Elie,"Calle 87, Numero 785, Ciudad ABC",E,1693,1809,1085,1791,7
1879,1867,Berty,"Calle 100, Numero 116, Ciudad ABC",P,1957,1563,1001,1068,87
1880,1222,Genni,"Calle 71, Numero 744, Ciudad DEF",A,1276,1792,1058,1642,17
1881,1369,Stephana,"Calle 39, Numero 390, Ciudad ABC",P,1694,1408,1425,1119,89
1882,1934,Wilow,"Calle 58, Numero 311, Ciudad ABC",A,1698,1641,1267,1075,40
1883,1601,Tresa,"Calle 24, Numero 271, Ciudad ABC",E,1469,1610,1090,1020,76
1884,1461,Corissa,"Calle 81, Numero 196, Ciudad DEF",C,1082,1067,2000,1250,22
1885,1103,Adelaide,"Calle 67, Numero 542, Ciudad GHI",E,1094,1357,1257,1567,91
1886,1221,Merci,"Calle 20, Numero 439, Ciudad DEF",P,1014,1926,1940,1671,26
1887,1687,Heidie,"Calle 49, Numero 499, Ciudad DEF",A,1965,1157,1441,1753,75
1888,1268,Kerrin,"Calle 1, Numero 587, Ciudad DEF",C,1504,1762,1075,1210,28
1889,1693,Cherice,"Calle 64, Numero 635, Ciudad DEF",A,1886,1883,1947,1451,91
1890,1429,Dasi,"Calle 62, Numero 107, Ciudad ABC",P,1295,1061,1740,1611,100
1891,1388,Ami,"Calle 23, Numero 273, Ciudad DEF",E,1288,1510,1735,1640,92
1892,1408,Kikelia,"Calle 4, Numero 838, Ciudad GHI",E,1156,1888,1818,1254,35
1893,1465,Fawn,"Calle 54, Numero 577, Ciudad ABC",A,1575,1498,1843,1203,6
1894,1953,Margalo,"Calle 39, Numero 143, Ciudad ABC",C,1293,1501,1476,1387,47
1895,1552,Christian,"Calle 43, Numero 632, Ciudad ABC",C,1891,1383,1183,1417,59
1896,1637,Andi,"Calle 76, Numero 821, Ciudad GHI",P,1308,1779,1596,1650,58
1897,1527,Tommi,"Calle 40, Numero 369, Ciudad ABC",P,1908,1721,1341,1505,42
1898,1965,Ursa,"Calle 2, Numero 274, Ciudad ABC",C,1789,1085,1963,1652,88
1899,1777,Steffie,"Calle 12, Numero 223, Ciudad GHI",C,1858,1192,1993,1343,11
1900,1450,Rebecca,"Calle 68, Numero 845, Ciudad ABC",E,1031,1003,1098,1719,66
1901,1390,Isadora,"Calle 88, Numero 278, Ciudad GHI",C,1131,1709,1996,1287,42
1902,1979,Alvira,"Calle 78, Numero 83, Ciudad GHI",A,1995,1209,1886,1186,29
1903,1684,Gabi,"Calle 89, Numero 34, Ciudad GHI",E,1423,1878,1169,1244,41
1904,1648,Crissy,"Calle 81, Numero 289, Ciudad ABC",E,1175,1543,1759,1927,4
1905,1088,Cati,"Calle 9, Numero 492, Ciudad GHI",C,1380,1877,1898,1371,68
1906,1269,Corrianne,"Calle 28, Numero 171, Ciudad ABC",E,1688,1280,1715,1768,61
1907,1339,Andria,"Calle 91, Numero 238, Ciudad GHI",E,1537,1197,1611,1765,88
1908,1324,Laurena,"Calle 14, Numero 3, Ciudad ABC",P,1457,1447,1966,1033,45
1909,1063,Viv,"Calle 18, Numero 939, Ciudad DEF",E,1309,1374,1814,1402,18
1910,1810,Dredi,"Calle 51, Numero 235, Ciudad ABC",E,1315,1694,1078,1815,21
1911,1491,Beverlee,"Calle 36, Numero 335, Ciudad GHI",E,1807,1023,1334,1648,13
1912,1297,Anabal,"Calle 35, Numero 691, Ciudad ABC",E,1447,1225,1681,1696,49
1913,1603,Mae,"Calle 97, Numero 166, Ciudad ABC",E,1189,1093,1059,1060,72
1914,1409,Arlana,"Calle 65, Numero 474, Ciudad DEF",C,1097,1024,1937,1097,75
1915,1156,Millicent,"Calle 18, Numero 625, Ciudad ABC",C,1192,1603,1751,1548,97
1916,1893,Beverlie,"Calle 31, Numero 686, Ciudad ABC",C,1907,1735,1097,1209,60
1917,1550,Jasmin,"Calle 79, Numero 614, Ciudad DEF",P,1900,1922,1469,1363,38
1918,1535,Annabell,"Calle 5, Numero 574, Ciudad GHI",P,1464,1110,1225,1622,6
1919,1544,Lauralee,"Calle 89, Numero 764, Ciudad DEF",A,1470,1490,1375,1617,62
1920,1488,Chloette,"Calle 24, Numero 84, Ciudad ABC",C,1634,1706,1207,1782,42
1921,1235,Krista,"Calle 17, Numero 588, Ciudad ABC",A,1662,1410,1504,1276,79
1922,1530,Kippie,"Calle 2, Numero 650, Ciudad ABC",P,1431,1586,1490,1072,54
1923,1239,Josee,"Calle 7, Numero 623, Ciudad DEF",E,1675,1020,1123,1962,88
1924,1347,Rheta,"Calle 29, Numero 671, Ciudad DEF",P,1847,1491,1350,1631,68
1925,1993,Maryjane,"Calle 42, Numero 611, Ciudad ABC",E,1953,1291,1335,1826,77
1926,1744,Marnia,"Calle 75, Numero 919, Ciudad DEF",P,1499,1796,1240,1781,50
1927,1434,Morena,"Calle 78, Numero 279, Ciudad DEF",P,1133,1018,1347,1974,86
1928,1036,Fawne,"Calle 42, Numero 243, Ciudad GHI",C,1058,1597,1934,1356,25
1929,1721,Junia,"Calle 73, Numero 177, Ciudad DEF",A,1075,1039,1331,1275,44
1930,1033,Katalin,"Calle 40, Numero 401, Ciudad ABC",P,1427,1821,1318,1949,68
1931,1577,Dyna,"Calle 4, Numero 407, Ciudad ABC",E,1297,1419,1254,1114,40
1932,1999,Joelynn,"Calle 61, Numero 306, Ciudad DEF",C,1233,1753,1796,1537,78
1933,1572,Janaya,"Calle 36, Numero 586, Ciudad ABC",E,1424,1406,1648,1963,92
1934,1896,Melodee,"Calle 69, Numero 827, Ciudad DEF",C,1901,1207,1496,1383,39
1935,1010,Timi,"Calle 91, Numero 426, Ciudad ABC",P,1238,1295,1903,1570,35
1936,1097,Trixie,"Calle 66, Numero 805, Ciudad GHI",P,1404,1092,1713,1959,77
1937,1520,Lyndy,"Calle 61, Numero 814, Ciudad GHI",E,1769,1972,1801,1662,59
1938,1187,Mahala,"Calle 69, Numero 875, Ciudad GHI",C,1304,1584,1779,1497,24
1939,1152,Alexandrina,"Calle 30, Numero 878, Ciudad ABC",P,1682,1799,1979,1154,7
1940,1328,Clarette,"Calle 3, Numero 991, Ciudad GHI",A,1932,1627,1291,1498,19
1941,1217,Linn,"Calle 73, Numero 811, Ciudad DEF",A,1951,1347,1812,1110,13
1942,1142,Lainey,"Calle 6, Numero 449, Ciudad ABC",P,1410,1856,1443,1599,50
1943,1287,Piper,"Calle 93, Numero 141, Ciudad GHI",E,1981,1630,1100,1307,72
1944,1947,Vivi,"Calle 21, Numero 415, Ciudad ABC",P,1127,1051,1181,1998,37
1945,1694,Charmane,"Calle 80, Numero 694, Ciudad ABC",P,1749,1128,1115,1449,32
1946,1845,Melodee,"Calle 51, Numero 731, Ciudad GHI",A,1319,1766,1297,1185,8
1947,1794,Amalee,"Calle 51, Numero 851, Ciudad DEF",A,1603,1292,1231,1871,64
1948,1541,Nixie,"Calle 73, Numero 403, Ciudad ABC",P,1936,1966,1429,1749,58
1949,1031,Claudine,"Calle 86, Numero 492, Ciudad DEF",E,1999,1502,1871,1086,5
1950,1850,Randie,"Calle 46, Numero 415, Ciudad DEF",E,1730,1305,1171,1819,20
1951,1138,Marijo,"Calle 57, Numero 665, Ciudad ABC",P,1271,1231,1210,1868,16
1952,1501,Margi,"Calle 68, Numero 515, Ciudad ABC",E,1249,1017,1895,1201,10
1953,1561,Jacquelynn,"Calle 46, Numero 612, Ciudad ABC",E,1198,1912,1300,1463,58
1954,1800,Cindra,"Calle 99, Numero 918, Ciudad GHI",A,1586,1757,1366,1039,18
1955,1433,Hilliary,"Calle 28, Numero 306, Ciudad GHI",E,1801,1660,1206,1219,21
1956,1766,Brittan,"Calle 33, Numero 764, Ciudad DEF",C,1150,1367,1805,1024,99
1957,1051,Jaime,"Calle 62, Numero 498, Ciudad ABC",C,1972,1928,1806,1657,77
1958,1944,Roch,"Calle 11, Numero 215, Ciudad DEF",E,1057,1713,1994,1293,22
1959,1549,Allyson,"Calle 78, Numero 356, Ciudad GHI",E,1400,1286,1456,1521,69
1960,1838,Lorianna,"Calle 33, Numero 517, Ciudad ABC",A,1157,1329,1499,1316,70
1961,1571,Anabel,"Calle 26, Numero 589, Ciudad DEF",P,1835,1441,1182,1147,45
1962,1616,Viola,"Calle 83, Numero 946, Ciudad GHI",C,1719,1246,1134,1406,45
1963,1759,Marthena,"Calle 82, Numero 845, Ciudad GHI",C,1692,1415,1518,1649,99
1964,1728,Lorry,"Calle 80, Numero 715, Ciudad GHI",E,1213,1033,1624,1145,82
1965,1776,Sydelle,"Calle 49, Numero 68, Ciudad GHI",E,1529,1363,1761,1924,88
1966,1959,Bridget,"Calle 46, Numero 520, Ciudad DEF",C,1068,1925,1330,1632,92
1967,1606,Dell,"Calle 7, Numero 510, Ciudad ABC",E,1059,1164,1606,1746,63
1968,1617,Lorain,"Calle 82, Numero 447, Ciudad DEF",A,1490,1471,1359,1873,97
1969,1751,Ronnie,"Calle 26, Numero 183, Ciudad DEF",A,1168,1015,1865,1079,10
1970,1604,Merilee,"Calle 53, Numero 197, Ciudad ABC",C,1463,1782,1698,1296,63
1971,1410,Philly,"Calle 27, Numero 868, Ciudad DEF",C,1520,1950,1343,1104,12
1972,1864,Netty,"Calle 72, Numero 604, Ciudad DEF",A,1757,1602,1728,1895,82
1973,1151,Sheri,"Calle 64, Numero 150, Ciudad GHI",P,1915,1361,1384,1888,88
1974,1672,Ardisj,"Calle 18, Numero 953, Ciudad DEF",C,1606,1476,1726,1970,96
1975,1779,Koralle,"Calle 77, Numero 960, Ciudad GHI",E,1790,1631,1223,1344,75
1976,1437,Kat,"Calle 98, Numero 117, Ciudad DEF",E,1154,1304,1258,1731,30
1977,1754,Noelyn,"Calle 3, Numero 50, Ciudad GHI",E,1407,1764,1025,1284,18
1978,1320,Cris,"Calle 31, Numero 28, Ciudad ABC",P,1120,1021,1218,1861,36
1979,1831,Fredia,"Calle 4, Numero 500, Ciudad GHI",P,1797,1338,1418,1839,66
1980,1159,Eunice,"Calle 5, Numero 430, Ciudad ABC",P,1368,1059,1241,1865,97
1981,1379,Davina,"Calle 82, Numero 730, Ciudad GHI",P,1218,1648,1217,1450,21
1982,1713,Nadine,"Calle 44, Numero 606, Ciudad GHI",E,1645,1991,1053,1730,44
1983,1290,Maisie,"Calle 62, Numero 194, Ciudad GHI",P,1023,1751,1301,1246,76
1984,1771,Alisun,"Calle 70, Numero 436, Ciudad GHI",E,1566,1499,1916,1688,65
1985,1258,Catlaina,"Calle 57, Numero 191, Ciudad GHI",E,1856,1254,1271,1583,9
1986,1093,Cloris,"Calle 19, Numero 491, Ciudad GHI",P,1541,1722,1026,1661,77
1987,1523,Jackelyn,"Calle 59, Numero 862, Ciudad DEF",C,1889,1549,1287,2000,34
1988,1110,Sheri,"Calle 75, Numero 773, Ciudad ABC",A,1486,1885,1403,1132,94
1989,1565,Ronalda,"Calle 41, Numero 663, Ciudad GHI",C,1990,1066,1437,1334,99
1990,1327,Amandie,"Calle 24, Numero 894, Ciudad DEF",A,1845,1215,1185,1528,73
1991,1619,Clemence,"Calle 25, Numero 943, Ciudad ABC",E,1959,1258,1009,1322,27
1992,1012,Iseabal,"Calle 2, Numero 42, Ciudad DEF",C,1342,1750,1860,1984,82
1993,1230,Trixy,"Calle 47, Numero 828, Ciudad ABC",A,1873,1798,1285,1103,31
1994,1467,Zena,"Calle 40, Numero 7, Ciudad GHI",E,1199,1342,1220,1178,52
1995,1164,Judith,"Calle 41, Numero 109, Ciudad GHI",E,1810,1183,1186,1534,97
1996,1574,Meaghan,"Calle 46, Numero 618, Ciudad DEF",C,1360,1917,1333,1113,56
1997,1001,Hendrika,"Calle 78, Numero 81, Ciudad DEF",E,1039,1435,1509,1899,32
1998,1259,Cesya,"Calle 33, Numero 594, Ciudad ABC",C,1139,1969,1146,1590,19
1999,1770,Lissie,"Calle 20, Numero 211, Ciudad ABC",P,1316,1122,1758,1337,67
2000,1812,Vally,"Calle 80, Numero 173, Ciudad ABC",C,1399,1371,1288,1883,40
